Date,Open,High,Low,Close,Adj Close,Volume
1/1/2018,518.849976,522.25,515,516.775024,443.424866,5431340
1/2/2018,518.625,521,511.5,514.849976,441.77301,6112248
1/3/2018,514.25,515.799988,509.299988,510.649994,438.16922,6846552
1/4/2018,510.5,510.5,504.799988,507.700012,435.637939,8947614
1/5/2018,507.649994,513.200012,503,506,434.17923,11025976
1/8/2018,512.450012,519.5,510.024994,518.025024,444.497437,5594690
1/9/2018,520,522.450012,514.450012,520.674988,446.771271,9948236
1/10/2018,523.400024,528,516.525024,526.125,451.447662,9468634
1/11/2018,527.625,541.700012,527.625,537.900024,461.551392,16775298
1/12/2018,542.900024,542.950012,535.275024,539.224976,462.688324,18016528
1/15/2018,540,546.474976,532.549988,540.575012,463.84668,10649250
1/16/2018,540.625,567.400024,540.625,561.424988,481.737274,22646966
1/17/2018,562.424988,580.900024,561.5,576.049988,494.286407,26154088
1/18/2018,572.5,582.450012,566.049988,576.349976,494.543823,13204970
1/19/2018,572.5,573.950012,568,571.724976,490.575317,5988278
1/22/2018,566.075012,578.474976,566,575,493.385559,9650214
1/23/2018,577.5,594,577.5,588.549988,505.012177,15403796
1/24/2018,587.400024,610.525024,583.75,592.900024,508.744751,20604718
1/25/2018,591,591.700012,581.125,587.700012,504.282806,13548914
1/29/2018,583.275024,598.125,582.599976,591.450012,507.500549,10823002
1/30/2018,589.450012,591.549988,581.349976,585.325012,502.244995,8628312
1/31/2018,579.575012,583.299988,571.075012,575.125,493.492645,9213698
2/1/2018,571.099976,578.950012,559.275024,572.299988,491.068726,13005454
2/2/2018,567.625,581.450012,565.049988,571.625,490.489471,10244486
2/5/2018,570,577.424988,567.924988,569.099976,488.322876,9860220
2/6/2018,549.974976,564.174988,547.575012,553.875,475.258911,10552078
2/7/2018,558,562.400024,551.775024,554.525024,475.816681,8342056
2/8/2018,561.400024,573.200012,558.275024,567.125,486.628265,8807244
2/9/2018,559,560.150024,553,554.575012,475.859589,4382690
2/12/2018,557.400024,560.299988,548.900024,551.400024,473.135223,6291972
2/14/2018,553,558.650024,545.099976,548.875,470.968628,8345712
2/15/2018,551.5,564.849976,551.5,557.224976,478.133392,7986736
2/16/2018,562.5,570.825012,559.049988,564.025024,483.968353,9889222
2/19/2018,564.200012,568,560.150024,565.875,485.555603,6461840
2/20/2018,551.875,574.75,551.875,568.474976,487.786591,7188594
2/21/2018,573.75,575.950012,570,573.700012,492.27002,13771358
2/22/2018,572.775024,582,570.224976,580.375,497.997589,17859974
2/23/2018,581.75,583,573.375,577.825012,495.809418,9459828
2/26/2018,575.5,577.525024,567.174988,569.299988,488.494507,5083608
2/27/2018,572.474976,576.825012,562.825012,575.099976,493.471191,6616026
2/28/2018,573.799988,594.75,571.275024,586.299988,503.081635,17268416
3/1/2018,584.799988,584.799988,578.025024,580.375,497.997589,6579852
3/5/2018,580.375,585.400024,571.625,577.950012,495.916748,8101456
3/6/2018,581.275024,582.700012,571.799988,575.674988,493.964722,6689734
3/7/2018,577.5,580,569.025024,572.049988,490.854218,6370416
3/8/2018,574.5,582.900024,574.5,578.325012,496.238556,6093014
3/9/2018,581.174988,583,577.775024,581.700012,499.13443,4220964
3/12/2018,588,595.924988,585.875,592.875,508.723297,7676970
3/13/2018,590.099976,598.5,587.575012,591.900024,507.886688,8581052
3/14/2018,590,595.299988,584.549988,590.400024,506.599701,4429710
3/15/2018,590,594.200012,586,591.25,507.328979,6101500
3/16/2018,591,591.200012,584.625,585.950012,502.781311,17954826
3/19/2018,582,590.25,571.325012,573.375,491.99115,7526620
3/20/2018,574.299988,585,574.299988,582.275024,499.627991,8553766
3/21/2018,585,587.75,581.099976,583.75,500.893463,7692994
3/22/2018,582.25,588.724976,577.650024,580.650024,498.233551,6813168
3/23/2018,573.5,586.900024,571.174988,583.799988,500.936401,12008084
3/26/2018,583.450012,583.450012,572,577.625,495.637909,8930722
3/27/2018,580,580.650024,575.049988,577,495.101624,3802088
3/28/2018,575.375,575.375,563.125,565.900024,485.577026,12558322
4/2/2018,570.5,574.775024,560.650024,568.575012,487.872467,8072702
4/3/2018,567.349976,571.775024,564.049988,570.224976,489.288208,4077168
4/4/2018,572,572.275024,560,562.099976,482.316437,4813302
4/5/2018,569.775024,575.650024,564.549988,573.775024,492.33432,7763544
4/6/2018,571.5,573,561.049988,563.5,483.517792,5937742
4/9/2018,562.5,562.900024,553.275024,555.625,476.76059,7202882
4/10/2018,556,562.25,552.700012,556.700012,477.682953,8926058
4/11/2018,559,565.75,558.25,562.125,482.337952,9025574
4/12/2018,564.724976,586.375,562.5,581.299988,498.79126,17044366
4/13/2018,587,592.950012,575.125,585.724976,502.588196,21227038
4/16/2018,551,570,551,566.599976,486.177795,24745084
4/17/2018,563.5,563.700012,557.5,562.599976,482.745422,10397940
4/18/2018,561.424988,567.375,556.924988,562.974976,483.0672,10430380
4/19/2018,562,569.900024,561.549988,566.424988,486.027588,8525542
4/20/2018,569.5,596.849976,568.474976,589.224976,505.59137,24272692
4/23/2018,584,607.200012,577.625,593.849976,509.559937,21830638
4/24/2018,592.5,598.200012,575.049988,577.25,495.316101,8526216
4/25/2018,576,585.5,572.599976,580.174988,497.825897,11594178
4/26/2018,587,590.825012,580,588.224976,504.733276,11302084
4/27/2018,590,595.799988,587.099976,592.599976,508.487305,7663370
4/30/2018,590.849976,603.974976,590.325012,599.75,514.622498,5511678
5/2/2018,599.450012,600.799988,590.5,598.525024,513.571411,10295042
5/3/2018,598.625,602.349976,588.049988,591.275024,507.350403,5332230
5/4/2018,592.5,593,577.5,586.549988,503.29599,6023368
5/7/2018,590.625,595,587.75,591.5,507.543488,4638960
5/8/2018,588.950012,588.950012,580.525024,582.775024,500.056946,5718556
5/9/2018,583.75,588.450012,581.5,585.349976,502.266418,3783504
5/10/2018,588,591.5,581.424988,584,501.108002,3182862
5/11/2018,586.150024,591.599976,583.025024,590.375,506.578156,3311706
5/14/2018,592.174988,595.75,585,594.650024,510.246429,4432094
5/15/2018,594.049988,604,594.049988,597.275024,512.498657,5611974
5/16/2018,593.625,599,592.25,594.974976,510.525208,6205004
5/17/2018,598,598.724976,586.775024,591.450012,507.500549,9519598
5/18/2018,591.5,593.275024,586.5,591.599976,507.629303,7139660
5/21/2018,589.775024,594.200012,585,589.75,506.041962,8475320
5/22/2018,587.5,599,586.950012,596.924988,512.198425,5636804
5/23/2018,597.5,603.825012,590.75,592.450012,508.358673,9538442
5/24/2018,599,613.775024,599,610.5,523.846497,9740570
5/25/2018,615.049988,624.325012,610.400024,614.150024,526.978577,8901438
5/28/2018,615.5,616.299988,603,607.200012,521.015015,5739794
5/29/2018,607.025024,613.275024,603.099976,608.349976,522.001953,3388934
5/30/2018,608.5,614.375,602.799988,605.849976,519.856628,6323066
5/31/2018,605.849976,621,605.125,615.900024,528.480286,19720340
6/1/2018,615.200012,623.125,608.599976,610.400024,523.760864,4998356
6/4/2018,610.549988,621.5,606,619.700012,531.740845,4270156
6/5/2018,621,621,608.5,610.424988,523.782288,4710862
6/6/2018,612.599976,620.775024,610.025024,618.724976,530.904236,4038184
6/7/2018,619,629,619,626.224976,537.3396,6676226
6/8/2018,624,631,623.025024,630.025024,540.600342,6459878
6/11/2018,632.775024,635,627.525024,631.200012,541.608643,5171290
6/12/2018,632.875,635.625,625.224976,629.25,539.935364,7839820
6/13/2018,633.400024,642,633.400024,637.400024,546.928528,5766928
6/14/2018,626.5,626.5,617.049988,619.849976,536.074707,7598848
6/15/2018,618.5,645.75,617.5,640.625,554.041809,19957760
6/18/2018,642,645.625,631.174988,633.700012,548.052856,8214846
6/19/2018,631.5,631.700012,619.025024,620.799988,536.896301,7545700
6/20/2018,624.25,626.174988,619,621.575012,537.56665,5371802
6/21/2018,622.974976,628.25,618,623.275024,539.036804,5798790
6/22/2018,621.5,627.75,620.599976,623.924988,539.598877,4343118
6/25/2018,628.575012,639.400024,627,636.224976,550.236511,7731178
6/26/2018,634.5,641.950012,633.125,638.924988,552.571594,4483504
6/27/2018,641.974976,646.724976,632.799988,635,549.177185,6952142
6/28/2018,638.150024,649,638.125,644.799988,557.652649,10996818
6/29/2018,649.025024,657.5,641.625,653.599976,565.263123,9966600
7/2/2018,657,670,657,667.349976,577.154846,4830144
7/3/2018,665.950012,678.950012,665.875,676.875,585.392517,8127452
7/4/2018,676.025024,676.325012,669.424988,672.599976,581.695374,5025722
7/5/2018,673.549988,673.625,634.049988,642,555.23114,17019902
7/6/2018,645.125,650.924988,634.5,642.125,555.339172,11215356
7/9/2018,648.5,651.5,639.525024,649.424988,561.652527,6644998
7/10/2018,654.25,657.724976,647.150024,650.700012,562.755127,5974488
7/11/2018,658.775024,671.049988,645.674988,660.224976,570.992859,11899832
7/12/2018,663.049988,663.549988,642.224976,647.174988,559.706665,13272240
7/13/2018,657.5,665.799988,649.174988,658.700012,569.674072,19496158
7/16/2018,658.700012,692.200012,643.849976,666.424988,576.354919,35344680
7/17/2018,664.849976,674.75,656.349976,663.950012,574.214355,11161690
7/18/2018,669.900024,671.700012,657,661.275024,571.901001,6919016
7/19/2018,661.5,665.950012,654.549988,658.349976,569.371216,5118864
7/20/2018,663,683.575012,660.650024,674.049988,582.949402,11705738
7/23/2018,676.075012,684,668.125,677.974976,586.343872,7675702
7/24/2018,687.200012,691.200012,678,688.575012,595.51123,6172246
7/25/2018,689.5,696.900024,682.724976,691.875,598.365234,6936922
7/26/2018,689.275024,695.200012,684.599976,686.625,593.824768,7362218
7/27/2018,686.599976,694.5,684.150024,686.724976,593.911255,6493232
7/30/2018,685,686.5,674,675.5,584.203369,6409970
7/31/2018,674.275024,685,667.775024,682.549988,590.300415,7943996
8/1/2018,681.900024,684.224976,675.5,677.025024,585.522278,4675706
8/2/2018,679.799988,683.375,675.075012,676.825012,585.349304,5940742
8/3/2018,683.099976,683.099976,678,682.049988,589.868103,3970390
8/6/2018,683.025024,687.5,673.75,680.325012,588.376343,6178930
8/7/2018,687,689.974976,680.325012,683.974976,591.532776,7351528
8/8/2018,685.900024,686.25,676.650024,681.375,589.284302,3992358
8/9/2018,686.825012,694.724976,686.825012,689.974976,596.721985,6409524
8/10/2018,692.900024,694.5,686.525024,692.724976,599.100403,4779520
8/13/2018,695,704.924988,689.349976,704.375,609.17572,9979746
8/14/2018,706.974976,712.275024,702,704.150024,608.981323,6151320
8/16/2018,707.474976,717.450012,705.625,714.775024,618.170288,6626774
8/17/2018,715.450012,718.825012,711.5,715.174988,618.516174,6390408
8/20/2018,694,703.974976,686.75,692.125,598.58136,16101876
8/21/2018,695,698,686.875,691.974976,598.451599,8361482
8/23/2018,696.5,700.75,692.674988,698.700012,604.267822,7717182
8/24/2018,698.25,700.950012,688.049988,689.150024,596.008545,7053000
8/27/2018,691.5,709.974976,690.700012,707.700012,612.051514,7012950
8/28/2018,708.599976,719.200012,705.75,712.349976,616.072937,6496890
8/29/2018,716.799988,716.799988,702.575012,705.049988,609.759583,5646496
8/30/2018,706.400024,710.775024,698.075012,708.099976,612.397278,11507962
8/31/2018,712.549988,727.150024,710.549988,720.549988,623.164673,10875864
9/3/2018,724.5,733.950012,715,717.125,620.202576,10976328
9/4/2018,722,748.5,716,737.150024,637.521179,15370124
9/5/2018,741.950012,744.049988,725.400024,729.900024,631.251038,8658978
9/6/2018,732.549988,735.5,724.099976,727.150024,628.872681,5598659
9/7/2018,734.349976,735.150024,723.799988,732.799988,633.758972,6510605
9/10/2018,737.75,747,729.400024,730.849976,632.072693,5629871
9/11/2018,735.900024,744.75,732,734.299988,635.056396,6963561
9/12/2018,744.400024,746.5,736.25,742.900024,642.49408,4636617
9/14/2018,741.900024,745,729.049988,733.700012,634.537476,7896514
9/17/2018,735,740,724.599976,725.950012,627.8349,5427054
9/18/2018,730,730,717,719.099976,621.910706,7729732
9/19/2018,727,727,713.200012,719.75,622.472778,4849498
9/21/2018,713.849976,717.400024,692,705.299988,609.975647,14350769
9/24/2018,706.5,729.950012,706.5,718.25,621.175476,8637881
9/25/2018,718.25,736,717,726.200012,628.050964,9602273
9/26/2018,731.200012,731.849976,712,717.849976,620.829529,6599606
9/27/2018,722,730.799988,717.450012,724.799988,626.840332,14592616
9/28/2018,721,734.549988,715.200012,730.049988,631.380615,7490031
10/1/2018,737.5,754.900024,733,746.650024,645.737183,8252398
10/3/2018,743.799988,751.950012,726.299988,728.5,630.040222,7792464
10/4/2018,728.5,729.75,702.5,707.200012,611.619019,6173037
10/5/2018,713,731.5,709.299988,724.599976,626.667236,8543578
10/8/2018,725.049988,728.700012,709.25,714.450012,617.889099,7259306
10/9/2018,717.099976,722.400024,702.650024,717.75,620.743042,6777212
10/10/2018,719.900024,719.900024,695.400024,700.450012,605.781189,8866251
10/11/2018,685,692.900024,663.299988,673.349976,582.343994,10985897
10/12/2018,676.400024,684.049988,661.5,678.799988,587.057373,8909221
10/15/2018,688.599976,705,681.5,698.799988,604.354248,6222176
10/16/2018,710,713.900024,689.400024,695.25,601.284119,11588963
10/17/2018,710,721.799988,701.349976,705.349976,610.018982,20360697
10/19/2018,687,687.700012,678,683.549988,591.165466,10421001
10/22/2018,688.700012,695.049988,673.799988,679.950012,588.051941,6672840
10/23/2018,675.950012,682,653.299988,657.599976,568.722595,9041701
10/24/2018,663,666.5,647.150024,649.799988,561.976807,7058164
10/25/2018,643,656.349976,636.25,648.75,567.178711,8270469
10/26/2018,645.299988,648.700012,629.900024,633.599976,553.933594,5464141
10/29/2018,633.700012,650.549988,631.5,644.75,563.681702,7137446
10/30/2018,641.099976,663.799988,637.450012,659.599976,576.664429,8793411
10/31/2018,663.900024,692.950012,663.049988,686.400024,600.094788,11947995
11/1/2018,689.700012,689.700012,659.599976,666.700012,582.871765,5860244
11/2/2018,665.950012,675.799988,660.099976,662.25,578.981384,6654067
11/5/2018,663.5,668.599976,657,666,582.259766,5799426
11/6/2018,667.900024,675,660.650024,666.450012,582.653259,6975525
11/7/2018,673,677.5,672,675.5,590.565247,758956
11/9/2018,679,679,655.5,659.5,576.577026,9694143
11/12/2018,666,676.400024,662.299988,664.200012,580.686096,7118080
11/13/2018,663.5,667.75,656.299988,665.700012,581.997498,4137808
11/14/2018,665.700012,665.700012,640.5,653.200012,571.069214,7323026
11/15/2018,654,666,646.700012,656.400024,573.866943,5513390
11/16/2018,659.900024,662.5,644.200012,650.849976,569.014648,8583785
11/19/2018,659,662,649.25,651.700012,569.757813,6018930
11/20/2018,651.700012,656,640.099976,641.400024,560.752869,5384830
11/21/2018,640,640.049988,612.099976,619.099976,541.256714,14359086
11/22/2018,622.25,628.150024,616.75,620.75,542.699219,6632975
11/26/2018,621,628,599.849976,621.450012,543.311279,15075209
11/27/2018,625.5,641,625.299988,638.900024,558.567261,12285851
11/28/2018,640.950012,668.700012,640,666.400024,582.609497,17719890
11/29/2018,671,674.900024,658.799988,661.049988,577.932129,13399070
11/30/2018,661,672,660.950012,667.450012,583.527405,10445773
12/3/2018,673.150024,679,665.950012,670.349976,586.062744,8260890
12/4/2018,672.549988,688.25,671.299988,685.25,599.089355,7827923
12/5/2018,683,683.650024,672.5,681.400024,595.72345,5177288
12/6/2018,676.099976,685.450012,664.549988,668.5,584.445374,8039771
12/7/2018,672,685.75,665.599976,682.799988,596.947449,5553948
12/10/2018,669.900024,683.799988,665.200012,669.200012,585.057434,5121196
12/11/2018,669.200012,681.900024,660.599976,674.5,589.690979,7120933
12/12/2018,677.099976,680.650024,670.599976,678.5,593.187988,6926183
12/13/2018,682,700,680,697.75,610.017639,7521474
12/14/2018,697.450012,713.700012,694.400024,706.049988,617.274109,9560576
12/17/2018,711.849976,711.849976,692.75,694.400024,607.088928,4778465
12/18/2018,686.5,686.5,674.549988,676.599976,591.526917,8021298
12/19/2018,671.549988,671.549988,661.099976,664.849976,581.254395,8295459
12/20/2018,660,671.549988,656.400024,667.049988,583.177795,11705260
12/21/2018,659.5,659.5,643.450012,646.200012,564.949341,12802132
12/24/2018,657,658.799988,647.599976,649,567.397278,8379825
12/26/2018,647,647,637.349976,644.049988,563.069702,6178552
12/27/2018,652.75,663.25,649,656.799988,574.216431,15333902
12/28/2018,663.349976,663.5,653.299988,656.950012,574.347656,4736598
12/31/2018,660,662,655.799988,658.950012,576.096191,3373319
1/1/2019,660.950012,666.299988,654.150024,665.049988,581.429138,2943390
1/2/2019,666,674,662.049988,669.049988,584.926208,7416655
1/3/2019,672,677,663.099976,669.150024,585.013672,6827249
1/4/2019,671.75,673.900024,651,661.049988,577.932129,7889310
1/7/2019,665,673.599976,661.5,671.700012,587.243042,8046340
1/8/2019,674.950012,677.450012,668.549988,670.049988,585.800537,8621545
1/9/2019,686.200012,689.799988,664,676.099976,591.089783,18130292
1/10/2019,681.599976,682,672.549988,679.700012,594.237183,9572493
1/11/2019,680.200012,685.5,672.5,683.5,597.559265,12281903
1/14/2019,707,710.200012,695.950012,701.900024,613.645813,19312937
1/15/2019,707.200012,730,707.200012,726.599976,635.240234,19671304
1/16/2019,729.900024,737.799988,728.5,736.799988,644.157654,9658944
1/17/2019,735.799988,739,729.099976,733.349976,641.141418,6903771
1/18/2019,730,736.200012,726.299988,730.950012,639.043152,5902151
1/21/2019,738.200012,751,734,745,651.326599,8129422
1/22/2019,741.25,749,734,745.349976,651.632507,6723375
1/23/2019,742.349976,742.599976,729.200012,731.650024,639.655273,7212099
1/24/2019,728.099976,736.099976,721,732,643.479065,7429783
1/25/2019,728,737.900024,724.25,730.349976,642.028748,5543112
1/28/2019,731,732.599976,719,727.950012,639.918823,7944693
1/29/2019,725.5,732.849976,716.5,727.900024,639.875061,6760819
1/30/2019,727.900024,734.799988,721.099976,725.900024,638.116821,5763026
1/31/2019,726,751.299988,726,749.549988,658.906799,13825233
2/1/2019,751.349976,762.5,744.5,757.049988,665.499939,6276585
2/4/2019,757,762.5,749.200012,755.900024,664.488831,3945391
2/5/2019,747,759.950012,747,754.849976,663.565857,4694366
2/6/2019,755.549988,766.950012,754.349976,763.299988,670.994019,5880482
2/7/2019,763.049988,769.450012,761,764,671.609436,3961797
2/8/2019,760,772.25,754.900024,760.900024,668.884338,5915169
2/11/2019,766.900024,768.75,759,762.799988,670.554443,5500216
2/12/2019,760.349976,760.349976,741,750.450012,659.697937,7310690
2/14/2019,751,753,737.25,740.049988,650.555603,4610535
2/15/2019,742.299988,746.5,732.599976,741.950012,652.225891,5586389
2/18/2019,742.349976,747.650024,736,741.049988,651.434814,5346825
2/19/2019,739.099976,740.549988,721.299988,724.299988,636.710327,9401334
2/20/2019,727,743,726.049988,740.700012,651.127075,5210675
2/21/2019,738,738,727.099976,733.450012,644.753906,7202786
2/22/2019,732.5,738.200012,728,734.950012,646.072388,3750833
2/25/2019,735.549988,758,735.549988,754.900024,663.609802,6547552
2/26/2019,748.599976,752.599976,740.150024,742.5,652.709412,8319610
2/27/2019,745,746.400024,732.75,735.25,646.336182,5936354
2/28/2019,738.700012,742.400024,732.299988,734.299988,645.501038,8559921
3/1/2019,735.5,743.400024,735.5,741.900024,652.181885,3998826
3/5/2019,740.5,742.5,730.25,732.5,643.918701,4826505
3/6/2019,736.099976,736.099976,727,732.5,643.918701,6076668
3/7/2019,734,734.5,720.549988,722.950012,635.523438,5951551
3/8/2019,722.950012,722.950012,710.650024,712.349976,626.205444,7193994
3/11/2019,713.299988,718.5,709.400024,711.25,625.238403,9932198
3/12/2019,709,714.950012,705.599976,706.950012,621.458435,11997387
3/13/2019,710,718.599976,706.299988,708.450012,622.7771,11348867
3/14/2019,714,714.900024,706.200012,708.349976,622.689209,6415187
3/15/2019,712,723.75,709.599976,718.549988,631.65564,14638664
3/18/2019,721.549988,723.700012,705.349976,710.200012,624.315491,8065544
3/19/2019,712.799988,726.5,707.400024,722.25,634.908264,8917337
3/20/2019,727.25,742.299988,727.150024,738.950012,649.588684,13471173
3/22/2019,745,746.349976,732.299988,743.099976,653.236816,8883260
3/25/2019,742.400024,742.400024,730.549988,735.25,646.336182,7644966
3/26/2019,735.25,735.25,719.099976,727.75,639.743042,9406261
3/27/2019,730,732.299988,727.150024,729.700012,641.457275,7387487
3/28/2019,730,745,730,737.799988,648.577759,9277241
4/1/2019,742,760,742,755.099976,663.785706,6584982
4/2/2019,759,765.799988,754.599976,759.400024,667.565674,7283600
4/3/2019,756,758.5,746.799988,753.299988,662.203308,6897127
4/4/2019,751.400024,753.799988,745.099976,747.900024,657.45636,7688525
4/5/2019,750.900024,760.950012,748,759.299988,667.477722,6276040
4/8/2019,763.049988,770,755.400024,767.25,674.466309,4919911
4/9/2019,770,773,758.200012,760.599976,668.620605,6730692
4/10/2019,764,766.700012,751.299988,752.700012,661.675903,7031088
4/11/2019,751.75,751.75,740.049988,742.700012,652.885193,8200995
4/12/2019,743.099976,751.549988,740.599976,747.75,657.324402,7043212
4/15/2019,724.700012,731.349976,712.599976,727.5,639.523315,31574803
4/16/2019,727.900024,727.900024,714.099976,724.099976,636.534546,12524411
4/18/2019,722.5,722.5,712.75,717.049988,630.337036,13801105
4/22/2019,717.049988,725.75,715,721.049988,633.853333,6455426
4/23/2019,723.900024,730,718.400024,728.200012,640.138611,5516668
4/24/2019,728.200012,737.900024,724,736.450012,647.390991,8285120
4/25/2019,736.450012,737.650024,727.049988,728.549988,640.44635,8005235
4/26/2019,731,739.799988,729,738,648.75354,6895168
4/30/2019,738,753.799988,738,751.349976,660.489014,9920046
5/2/2019,747,748.400024,729.5,730.799988,642.424255,6351352
5/3/2019,722.900024,731,718.200012,723.599976,636.09491,6348116
5/6/2019,715,721.799988,710.650024,718.400024,631.523865,8858265
5/7/2019,720.400024,727.900024,718.700012,724.549988,636.930115,5747536
5/8/2019,721,726,716.5,719.349976,632.358887,6247642
5/9/2019,719.150024,730.299988,715.799988,721.049988,633.853333,7396525
5/10/2019,720.799988,726,715,716.849976,630.161194,8352335
5/13/2019,716.549988,726.450012,712.099976,719.700012,632.666626,6808993
5/14/2019,716.5,717.75,703.599976,713.849976,627.524048,10513001
5/15/2019,714.900024,725.200012,712.599976,716.099976,629.501892,6668929
5/16/2019,720,737,719.099976,733.099976,644.446106,6468556
5/17/2019,733.150024,735.799988,720.099976,723.900024,636.358704,8155948
5/20/2019,719.700012,726.400024,706,722.400024,635.040039,11213708
5/21/2019,722.650024,722.650024,707.700012,709.299988,623.524292,8645535
5/22/2019,710,718.25,707,709.75,623.9198,5795713
5/23/2019,715,716.700012,697.450012,701.049988,616.271973,7233736
5/24/2019,703.799988,711.75,700.450012,709.200012,623.436401,7016424
5/27/2019,707.400024,713.799988,705.5,708.099976,622.46936,10247544
5/28/2019,712,733.450012,709.799988,728.099976,640.050781,23860490
5/29/2019,725.5,733.650024,723.650024,727.799988,639.787048,10293077
5/30/2019,727,737.25,722.549988,733.549988,644.841675,15089296
5/31/2019,736.5,742.950012,733.200012,737.75,648.533813,8290306
6/3/2019,729.799988,750.900024,729,744.650024,654.599426,7744761
6/4/2019,737.25,739.450012,733.150024,735.299988,646.380005,11733702
6/6/2019,736.5,744.650024,733.650024,735.599976,646.643738,7563925
6/7/2019,735.849976,743.950012,735.849976,739.099976,649.72052,3218358
6/10/2019,740.099976,754.099976,740.099976,753.5,662.379211,4435148
6/11/2019,755,759,750.5,754.900024,663.609802,5733127
6/12/2019,756.950012,756.950012,745,753.799988,662.642944,8738342
6/13/2019,740,747.200012,740,742.650024,662.063416,4808577
6/14/2019,743.849976,745.5,738.25,740.450012,660.102173,5556353
6/17/2019,743,744.5,737.799988,740.549988,660.191284,3085588
6/18/2019,740.200012,752.450012,740.200012,750.150024,668.749573,6202838
6/19/2019,752.5,755.400024,748.599976,751.900024,670.309692,4596253
6/20/2019,737.799988,756.900024,735.900024,754.900024,672.98407,7148684
6/21/2019,755,755,747.150024,750.200012,668.79425,13200318
6/24/2019,751.900024,751.900024,742.650024,745.5,664.604187,4758178
6/25/2019,744,750.900024,737.299988,748.099976,666.921997,3677911
6/26/2019,743,751.450012,738,739.200012,658.987732,5447130
6/27/2019,742,744.700012,728.150024,730.549988,651.276367,11122346
6/28/2019,735.5,739.5,728.5,732,652.56897,5919494
7/1/2019,735,737.5,729.849976,731.299988,651.945007,3224968
7/2/2019,734,741.650024,730.099976,740,659.700989,4837606
7/3/2019,741,743.200012,730,731.299988,651.945007,5958379
7/4/2019,729,736.400024,728.599976,733.799988,654.173706,3274064
7/5/2019,735,736.400024,713.5,718,640.088135,4926289
7/8/2019,716.450012,724.950012,712.299988,717.599976,639.731567,7177092
7/9/2019,718,719.849976,709.049988,715.5,637.859436,5022638
7/10/2019,709,722.700012,706.5,717.25,639.419617,7573816
7/11/2019,719.450012,723.5,709.599976,721.5,643.208435,6252688
7/12/2019,722.5,730.599976,719.599976,726.75,647.888733,7874441
7/15/2019,763,781.650024,754.200012,779.349976,694.781067,31064152
7/16/2019,777,787.799988,776,784.849976,699.684204,9924322
7/17/2019,783.900024,795,776.75,794.150024,707.974976,6754348
7/18/2019,789.049988,798.5,786.200012,792.700012,706.682373,6534471
7/19/2019,788.700012,794.5,781.25,785.400024,700.174622,6812754
7/22/2019,785.950012,792,782.049988,784.400024,699.283081,7107151
7/23/2019,787,804,785.549988,790.049988,704.319946,10782564
7/24/2019,788,793.75,783.599976,786.299988,700.976868,5745146
7/25/2019,788.25,800.200012,787.650024,794.5,708.287048,9773568
7/26/2019,792.299988,795,782.200012,787,701.600891,4941763
7/29/2019,789.5,796.950012,786.200012,791.450012,705.568054,6244316
7/30/2019,791.900024,797.799988,788.549988,792.700012,706.682373,8673253
7/31/2019,790.849976,799.799988,781.599976,793.650024,707.529297,7350584
8/1/2019,786.450012,788.400024,764.400024,768.849976,685.42041,10066407
8/2/2019,765.049988,779.900024,762.25,775.599976,691.437927,10838336
8/5/2019,772.599976,785.900024,768.650024,776.700012,692.418579,9976238
8/6/2019,778.799988,783.700012,769.799988,774.450012,690.412781,9331718
8/7/2019,778.900024,783.450012,772.349976,776.099976,691.883545,5130457
8/8/2019,782.700012,792.75,781.25,788.75,703.161072,8009009
8/9/2019,792,796.75,784.799988,789.849976,704.141663,4362520
8/13/2019,784.150024,786,760.150024,764.75,681.765259,7517099
8/14/2019,775.099976,778.25,768,774.799988,690.72467,5940968
8/16/2019,780,780.049988,762.5,774.549988,690.501831,5128088
8/19/2019,775.599976,783,773.349976,777.650024,693.265503,3881451
8/20/2019,785.200012,798,783.849976,792.75,706.726868,8435344
8/21/2019,793,803.75,793,799.450012,712.700012,5926896
8/22/2019,799.900024,801.299988,792.349976,795.700012,709.35675,5222488
8/23/2019,796.450012,809.950012,795.799988,802.200012,715.151428,6895015
8/26/2019,795.900024,806.799988,786.900024,802.549988,715.463501,5412074
8/27/2019,791,794.950012,781.099976,784.650024,699.506042,16061642
8/28/2019,787.400024,805,786.299988,802.5,715.419067,5881134
8/29/2019,795.5,809.700012,795.5,806.950012,719.386169,7830413
8/30/2019,810,817.349976,802,814.900024,726.473389,8174186
9/3/2019,815,822.400024,812.049988,814.25,725.893921,5647088
9/4/2019,810.75,822.450012,810.25,821.299988,732.178833,6199015
9/5/2019,830.099976,837.5,826.650024,834.049988,743.545471,7926895
9/6/2019,843.299988,847,835.049988,840.150024,748.983459,6106841
9/9/2019,836.799988,840.299988,827.549988,829.099976,739.132507,4377870
9/11/2019,822.299988,828.549988,814.150024,820.099976,731.109192,7981036
9/12/2019,816.400024,819.849976,810.849976,816.400024,727.810669,4400017
9/13/2019,818.099976,831.049988,817.5,829.299988,739.31073,4832021
9/16/2019,832.049988,837.950012,820.549988,827.700012,737.88446,4846496
9/17/2019,831.5,835,820.549988,831.25,741.049255,5540901
9/18/2019,829.900024,832.950012,824,829.849976,739.801208,3199389
9/19/2019,824.849976,827,815.200012,820.700012,731.643982,6601607
9/20/2019,822.900024,835,802,805,717.647705,22462366
9/23/2019,806.900024,806.900024,741.900024,764.349976,681.40863,17279260
9/24/2019,765,798.650024,765,794.049988,707.885864,13717998
9/25/2019,787.700012,801,781.650024,792.650024,706.637878,9313576
9/26/2019,787.75,797,778.099976,782.549988,697.633728,18442824
9/27/2019,787.049988,794.25,780.099976,782.200012,697.321777,5087642
9/30/2019,785.099976,808,784.150024,805.650024,718.227112,8178091
10/1/2019,807,807.549988,791.549988,793.549988,707.440186,5881438
10/3/2019,792.549988,797.849976,784.150024,785.599976,700.352722,5497672
10/4/2019,790,797.599976,787.049988,793.450012,707.351013,8201713
10/7/2019,794.849976,802,786.099976,789.549988,703.874207,3679845
10/9/2019,795.450012,795.900024,778.799988,783.650024,698.614502,6335025
10/10/2019,785.400024,794.700012,776.599976,783.049988,698.079529,10402917
10/11/2019,781.5,823.799988,776.599976,814.799988,726.384155,20636344
10/14/2019,786.75,797,780,786.099976,700.798462,15150858
10/15/2019,773.099976,775.950012,765,768.299988,684.930054,13762133
10/16/2019,765.25,775.950012,761.549988,771.450012,687.73822,10767032
10/17/2019,767,770.549988,765.099976,769.5,685.999878,9860495
10/18/2019,763.799988,773.799988,760,767.849976,684.52887,10037200
10/22/2019,691.099976,691.099976,638.349976,643.549988,579.757263,90152532
10/23/2019,630,656.650024,615.099976,650.599976,593.486145,60516887
10/24/2019,650,653.200012,632,635.349976,579.574829,25666433
10/25/2019,647,652.5,636,637.450012,581.49054,16549337
10/27/2019,651.099976,652.5,645.549988,648.849976,591.889771,2945281
10/29/2019,651,653.75,647,650.650024,593.531799,16709764
10/30/2019,660.400024,671.400024,656.200012,660.599976,602.608215,22879467
10/31/2019,668.400024,695.450012,666.099976,685.599976,625.413574,27405901
11/1/2019,690,694,682.599976,687.900024,627.511658,9713519
11/4/2019,681.799988,732.5,678.150024,709,646.75946,29381982
11/5/2019,708.75,708.75,691.5,696.099976,634.991821,12897805
11/6/2019,695.799988,721.5,692,712.299988,649.769714,21372589
11/7/2019,717,724.349976,712.099976,720.099976,656.884827,13733737
11/8/2019,722,724.25,705.5,708.150024,645.983948,8585630
11/11/2019,698.900024,707.200012,698,704.400024,642.563232,6951494
11/13/2019,696.5,700,687.75,691.349976,630.658752,9973690
11/14/2019,696.349976,709.799988,696.349976,705.299988,643.384155,10539902
11/15/2019,709.049988,712.950012,702.299988,703.900024,642.107178,7362623
11/18/2019,705,710,699.299988,705.200012,643.29303,7490916
11/19/2019,709.900024,714,705,712.849976,650.271423,6495885
11/20/2019,712.799988,715,705,713,650.408203,6142171
11/21/2019,715.5,721.450012,710.5,713.25,650.63623,9692973
11/22/2019,711.75,712,685.099976,693.200012,632.346375,14415826
11/25/2019,693.349976,705.150024,693.200012,698.099976,636.816223,7334511
11/26/2019,705,707.25,686,690.599976,629.974609,27253106
11/27/2019,694.25,697.650024,690.099976,695.75,634.672607,3861635
11/28/2019,699.099976,703.349976,694.049988,701.849976,640.237,4837683
11/29/2019,700.900024,702.299988,691.549988,696.349976,635.219727,4262379
12/2/2019,703.099976,704,690.299988,692.700012,631.89032,9383736
12/3/2019,692.700012,699.700012,688.549988,698.349976,637.04425,5239013
12/4/2019,697,710.5,693.349976,708.849976,646.622498,7427886
12/5/2019,706.450012,715.900024,703.799988,714.849976,652.095764,4814422
12/6/2019,715.950012,720,709.599976,715.099976,652.323914,5226096
12/9/2019,716,722.349976,714.25,717.25,654.285095,6435865
12/10/2019,713,718.5,710,714.549988,651.822021,4457939
12/11/2019,716.599976,722.700012,713,721.049988,657.751526,6043554
12/12/2019,718.5,720.700012,699.549988,702.099976,640.465149,11112042
12/13/2019,700.349976,712.900024,700.349976,711.299988,648.857544,10302412
12/16/2019,712.299988,720.200012,710.200012,714,651.320435,5616324
12/17/2019,719.700012,731.25,715,729.700012,665.642212,10525565
12/18/2019,731,737.299988,722.75,732.450012,668.150818,12215295
12/19/2019,733.5,735.950012,724.599976,730.849976,666.691162,7199210
12/20/2019,731,735,728.25,731.549988,667.329834,7794167
12/23/2019,732.150024,737.299988,731.650024,736,671.38916,4975608
12/24/2019,736.950012,736.950012,728.299988,733.400024,669.017334,2890759
12/26/2019,732,734.549988,726.549988,728.950012,664.958008,3821806
12/27/2019,729.75,737.5,728.849976,736.950012,672.255737,3399094
12/30/2019,736.099976,737.950012,727.25,732.900024,668.561279,5368416
12/31/2019,729.700012,737.75,725.450012,731.150024,666.964844,6927885
1/1/2020,735,740,732.549988,736.849976,672.164429,2112415
1/2/2020,738.900024,740.799988,730.900024,734.700012,670.203247,5658200
1/3/2020,733.900024,748,733.900024,746,680.51123,7882938
1/6/2020,746.099976,753.799988,736.5,738.849976,673.988953,6519403
1/7/2020,738,742.599976,725.099976,727.900024,664.000244,7899363
1/8/2020,724.950012,729,708.299988,718.200012,655.151794,8639443
1/9/2020,721.700012,731.5,714.299988,727.549988,663.680969,13521186
1/10/2020,740.450012,742.900024,730.5,738.150024,673.350403,9341405
1/13/2020,760,777.5,755,773.549988,705.6427,36952038
1/14/2020,769.950012,776.950012,767.200012,775.650024,707.558411,11414418
1/15/2020,773.849976,773.849976,762.150024,767.549988,700.169495,6047430
1/16/2020,770.700012,772.5,760.25,767,699.667786,5740586
1/17/2020,770.700012,772.900024,762.25,767.849976,700.443115,3762957
1/20/2020,771.599976,774.400024,762.950012,768.450012,700.99054,3887680
1/21/2020,768.450012,770.5,760.75,762.5,695.562744,4448374
1/22/2020,768.450012,778,766,770.200012,702.586853,9733935
1/23/2020,777.099976,785.5,776.700012,784.349976,715.494629,12528017
1/24/2020,775.75,786.5,773.599976,782.75,714.035156,7540490
1/27/2020,779.049988,784.799988,774.400024,778.099976,709.793213,3741610
1/28/2020,781,781.799988,772,778,709.702148,5121009
1/29/2020,786.599976,792.799988,784.25,789.700012,720.374939,6832757
1/30/2020,789.700012,789.700012,778,780.700012,712.1651,3859680
1/31/2020,780.549988,784.950012,771.599976,775.950012,707.832031,6092028
2/3/2020,782,790.950012,764.5,767.400024,700.032654,6416745
2/4/2020,770.099976,789.900024,770.099976,787.849976,718.687378,5771311
2/5/2020,781,786,774.400024,784.549988,715.677063,6310409
2/6/2020,784.349976,786.799988,770,771.349976,703.635925,7341622
2/7/2020,775.950012,778.849976,771,777.299988,709.063416,2853344
2/10/2020,774,778,769.75,773.200012,705.323486,3827682
2/11/2020,779,779.099976,769.200012,773.549988,705.6427,4312817
2/12/2020,775.799988,783.25,775.099976,781.049988,712.484314,2948825
2/13/2020,785,794,782.200012,792.25,722.701111,4387430
2/14/2020,794.5,799.200012,784.599976,786.450012,717.410278,5321680
2/17/2020,790.299988,793.450012,783.299988,789.450012,720.146912,2929629
2/18/2020,785,799.049988,783.650024,797.650024,727.627136,5083346
2/19/2020,800,804.849976,796.150024,800.450012,730.181274,3985192
2/20/2020,803.25,806.099976,793.849976,797,727.034119,4564569
2/24/2020,800.099976,811.599976,792.150024,795.849976,725.985107,6627536
2/25/2020,799,806,795.400024,798.400024,728.31134,6996695
2/26/2020,793.950012,801.450012,780.5,782.75,714.035156,8760569
2/27/2020,778,780.75,772.200012,777.849976,709.565247,5223386
2/28/2020,750,756.799988,722.049988,731.700012,667.466553,14123957
3/2/2020,737,765.900024,733.75,741.049988,675.995789,9821523
3/3/2020,755,759,741.25,747,681.423462,7826587
3/4/2020,753.900024,761.5,745.549988,758.75,692.141907,11013444
3/5/2020,763.75,773.549988,751.75,754.599976,688.356323,7755293
3/6/2020,741,744,729.099976,738.950012,674.080139,9216022
3/9/2020,724.5,725.849976,697,704.450012,642.608704,10308654
3/11/2020,690.650024,695.950012,669.049988,686,625.778442,16165009
3/12/2020,668,670,627.5,631.200012,575.789185,13965574
3/13/2020,592,667,570,642.349976,585.960327,16903113
3/16/2020,622,622.150024,580,583.150024,531.957397,19140152
3/17/2020,588.099976,592,550,554.950012,506.232849,16059887
3/18/2020,568,578,528,534.299988,487.39563,15390183
3/19/2020,509.25,558,509.25,545.549988,497.658081,16583991
3/20/2020,549.5,617.450012,548,585.200012,533.827454,21354894
3/23/2020,540,560.950012,515.900024,526.450012,480.234741,17146150
3/24/2020,522,601.150024,522,589.799988,538.023499,20027097
3/25/2020,597,635,565.700012,606.200012,552.983826,18339548
3/26/2020,615,650.849976,612.099976,643,586.553284,14843813
3/27/2020,665.049988,674.900024,642.25,652.700012,595.401794,13495283
3/30/2020,625.099976,663.5,621.099976,626.700012,571.684265,14624804
3/31/2020,650,662,633.700012,641.5,585.184998,15175521
4/1/2020,634.349976,637.5,594,602.799988,549.882263,13083824
4/3/2020,603.5,606,582.150024,585.700012,534.283508,10221655
4/7/2020,615,644.25,612.900024,639,582.904358,15145605
4/8/2020,630,655.650024,626.349976,631.599976,576.153992,11806896
4/9/2020,646.799988,652.799988,632.099976,636.25,580.395752,11931114
4/13/2020,629,651.700012,626.049988,637.400024,581.444885,8330276
4/15/2020,651.400024,653.299988,635.599976,639.049988,582.950012,11963447
4/16/2020,619.950012,634.900024,603.5,623.849976,569.084412,17783287
4/17/2020,644,646,626,628.75,573.554321,8878320
4/20/2020,640,661,639,653.299988,595.948975,13322913
4/21/2020,627.799988,646.5,627.799988,633.200012,577.613586,11660575
4/22/2020,633.200012,645,628.049988,641.849976,585.504211,8266728
4/23/2020,647.049988,683.650024,638.099976,679.299988,619.666565,14451289
4/24/2020,668.549988,675,654.799988,658,600.23645,7319940
4/27/2020,661.049988,681,661.049988,664.599976,606.257019,7183306
4/28/2020,673,677,653.049988,660.700012,602.699402,7296571
4/29/2020,666,682,658,676.549988,617.157959,8639056
4/30/2020,700,720,698.099976,715.5,652.688721,16253821
5/4/2020,689.799988,701.200012,670.349976,673.700012,614.558228,9122740
5/5/2020,681.75,685.599976,670,673.700012,614.558228,6393053
5/6/2020,676.900024,681.450012,664.049988,665.900024,607.442993,7934250
5/7/2020,665.549988,674.349976,662.450012,664.950012,606.576416,4779548
5/8/2020,672.25,680.900024,668.5,674.200012,615.014343,8400321
5/11/2020,682.5,698.549988,678,682.900024,622.950562,7370186
5/12/2020,678.5,691,675.5,687.650024,627.283508,7356039
5/13/2020,694.799988,699.900024,683.75,694.150024,633.212952,8287101
5/14/2020,659,671.75,652.599976,658.150024,600.373291,16888262
5/15/2020,664.799988,664.799988,646.700012,652.299988,595.036804,9255353
5/18/2020,659.849976,670.549988,653,663.900024,605.618591,10435442
5/19/2020,664,674.799988,655,668.599976,609.905823,5902208
5/20/2020,668.5,673,659.650024,669.549988,610.772461,5794636
5/21/2020,666.5,679.450012,665.400024,672.200012,613.189941,7213225
5/22/2020,675,695.849976,673.5,692.349976,631.570984,11867731
5/26/2020,693,699.450012,679,680.549988,620.806885,7099606
5/27/2020,686.049988,709.200012,675,705.450012,643.521057,8774636
5/28/2020,707,710,690,707.400024,645.299866,9440091
5/29/2020,692.5,700.799988,674.950012,691,638.919861,28290128
6/1/2020,698.75,706.650024,691.5,699.549988,646.825562,12276438
6/2/2020,700.5,711.650024,697.549988,708.099976,654.731018,7059304
6/3/2020,710.700012,711.900024,696,701.549988,648.674683,11378568
6/4/2020,702,709.450012,697.5,707.75,654.40741,10782424
6/5/2020,707,711.700012,700.599976,703.549988,650.524048,7718679
6/8/2020,707.650024,725.799988,704,720.849976,666.52002,10719105
6/9/2020,720,729.599976,715.049988,717.599976,663.515015,10078029
6/10/2020,715,719.450012,709.200012,715.849976,661.896912,7263049
6/11/2020,712,713.400024,700.25,703.950012,650.893799,8825715
6/12/2020,675.799988,695.150024,675.5,692.049988,639.890625,9795316
6/15/2020,693,704.400024,685.25,687.549988,635.729858,7857344
6/16/2020,702,712,699.150024,701.200012,648.351074,10131760
6/17/2020,699.900024,710.299988,698,703.650024,650.616455,7291916
6/18/2020,708.200012,716.599976,706,713.900024,660.093811,6670195
6/19/2020,709,711.900024,701,705.549988,652.37323,22438862
6/22/2020,707.099976,708.700012,700,703.700012,650.66272,7804096
6/23/2020,695.700012,724.5,692.099976,720.650024,666.335205,12157390
6/24/2020,716.900024,726.799988,709.400024,714.150024,660.325134,10220838
6/25/2020,704.849976,705.599976,693.5,700.5,647.703796,14945284
6/26/2020,710.200012,751.599976,710,748.200012,691.808716,26030458
6/29/2020,735.400024,744.700012,730.099976,731.75,676.598511,8954428
6/30/2020,732.799988,738.950012,724.25,735.950012,680.481995,10411290
7/1/2020,737.25,742.299988,729.75,731.900024,676.737305,5477468
7/2/2020,737.349976,765.450012,735.400024,756.599976,699.575684,17263756
7/3/2020,755,764,752.5,762.700012,705.215881,7796572
7/6/2020,765.200012,775,761.5,764,706.417969,8810958
7/7/2020,769.400024,796.950012,765.549988,794.150024,734.295593,19362533
7/8/2020,784.900024,784.900024,772.200012,774.700012,716.311523,8476642
7/9/2020,780,790,775,781.700012,722.783813,6854166
7/10/2020,773.5,789.900024,773.5,781.849976,722.922546,5206452
7/13/2020,788,805.349976,786.049988,797.049988,736.97699,10804688
7/14/2020,792.950012,806.400024,781.349976,783.25,724.217041,8961822
7/15/2020,799,848.450012,794.799988,830.950012,768.32196,30060599
7/16/2020,900.099976,955.5,894.25,911,842.338623,90432109
7/17/2020,911,919.900024,892.150024,903.150024,835.080322,31682878
7/20/2020,908.5,945,906.75,934.299988,863.882507,18421053
7/21/2020,945,949.700012,929.200012,936.75,866.147888,12877784
7/22/2020,938.950012,939,910,917.900024,848.718689,14354201
7/23/2020,915.650024,915.799988,900.650024,907.950012,839.518555,13051307
7/24/2020,903.25,925.75,903.25,922.849976,853.295471,18209580
7/27/2020,921.549988,952.799988,918.650024,948.450012,876.966125,16827870
7/28/2020,946,967.549988,941.200012,962.849976,890.280701,15818463
7/29/2020,953.25,960,943.599976,954.150024,882.236572,11152710
7/30/2020,962,972.650024,958.75,961.450012,888.986328,12492320
7/31/2020,969.25,986.450012,953.299988,966,893.193298,12704346
8/3/2020,960,965.400024,947.450012,956.900024,884.779236,8479792
8/4/2020,960.450012,970.700012,940.549988,949.849976,878.260559,11133170
8/5/2020,952,960.950012,938.299988,944.700012,873.498718,9614176
8/6/2020,953.5,974.400024,942.5,970.849976,897.677734,10976491
8/7/2020,969.450012,969.450012,949,950.900024,879.231445,8010948
8/10/2020,948.900024,956.799988,945.299988,951.349976,879.6474,5716319
8/11/2020,949.900024,962,946.099976,948.450012,876.966125,6802442
8/12/2020,948,958.799988,942.200012,954.950012,882.976196,6908726
8/13/2020,954.799988,968.5,948.25,951.200012,879.50885,5097703
8/14/2020,955.849976,963,952.049988,953.599976,881.727844,4663873
8/17/2020,954.099976,972.450012,954.099976,957.5,885.333984,9008210
8/18/2020,963.900024,969.200012,958.700012,967.549988,894.626526,6141761
8/19/2020,970.900024,971.549988,957.450012,959.299988,886.998291,6622744
8/20/2020,958.900024,965.5,951.299988,955.150024,883.161072,5656501
8/21/2020,963.049988,963.450012,946.549988,948.799988,877.289612,6513773
8/24/2020,947,952,939.200012,947.400024,875.995239,5798574
8/25/2020,947.5,948.650024,933.599976,938.099976,867.396057,6233918
8/26/2020,941.25,954.25,938.400024,950.799988,879.138794,5153601
8/27/2020,960,960.950012,945.200012,947.049988,875.671631,6154280
8/28/2020,951.450012,952.5,933.049988,935.25,864.760864,7593610
8/31/2020,935.25,950.5,914.599976,928.599976,858.612122,12808355
9/1/2020,926.25,935,912.099976,914.150024,845.251221,6907773
9/2/2020,915,926.400024,913.5,924,854.358887,5678118
9/3/2020,926.5,949.400024,924,935.549988,865.03833,8827948
9/4/2020,915,929.5,914.450012,919.150024,849.874512,8650342
9/7/2020,918.900024,927.549988,913.049988,925.049988,855.329651,6700385
9/8/2020,929.950012,952,925.549988,939.299988,868.505676,12891964
9/9/2020,935,946,926,927.75,857.826172,5528947
9/10/2020,935.299988,942,924.799988,940.049988,869.199158,5171884
9/11/2020,934.900024,954.150024,931,945.700012,874.42334,6671903
9/14/2020,957,991.049988,948.299988,978.400024,904.658813,21871587
9/15/2020,979.5,994,971.650024,982.450012,908.403442,11608203
9/16/2020,986,1005.650024,982,1001.75,926.248779,10059251
9/17/2020,995,1021,995,1011,934.801697,15628241
9/18/2020,1011,1018.799988,999.099976,1002.150024,926.618835,12897633
9/21/2020,1001,1031,1000.5,1009.900024,933.784607,14140637
9/22/2020,1009,1022.5,991.200012,1007.5,931.565491,12625762
9/23/2020,1020.150024,1037,1008.099976,1019.75,942.892273,13486204
9/24/2020,1003,1009,970,975.400024,901.884888,14427432
9/25/2020,975.799988,1014.900024,975,1011.450012,935.217773,13311078
9/28/2020,1014.799988,1016.150024,998.5,1010.400024,934.246948,8554526
9/29/2020,1018,1028,1004.099976,1009,932.952454,8708463
9/30/2020,1009,1023.950012,1005,1008.25,932.258972,8048817
10/1/2020,1020.599976,1026.5,1011.75,1017.650024,940.9505,5563358
10/5/2020,1018.049988,1054.900024,1018.049988,1048.699951,969.6604,14212509
10/6/2020,1055,1060,1031.349976,1055.75,976.178833,9090819
10/7/2020,1044.900024,1072,1035.5,1066.550049,986.165039,9284008
10/8/2020,1090,1124,1088.400024,1093.699951,1011.268738,21482613
10/9/2020,1095.099976,1113.300049,1088.449951,1106.800049,1023.381348,10567867
10/12/2020,1123,1140,1112.099976,1132.099976,1046.774536,14633537
10/13/2020,1135.550049,1166.050049,1135.550049,1157.800049,1070.537476,17523825
10/14/2020,1162,1164.900024,1131.099976,1137,1051.305176,16649573
10/15/2020,1180,1186,1092.5,1108.25,1024.722046,44288251
10/16/2020,1113.849976,1135.949951,1096.900024,1127.5,1042.52124,18365685
10/19/2020,1135,1139,1115.300049,1125.900024,1041.041748,12902123
10/20/2020,1118.900024,1144.699951,1110,1137.5,1051.767456,10448776
10/21/2020,1141.150024,1154.349976,1135,1148.349976,1061.799805,19811433
10/22/2020,1142,1158,1123.800049,1129.050049,1043.954468,11271335
10/23/2020,1133,1135,1120.150024,1122.5,1049.047974,9069862
10/26/2020,1122.25,1129.599976,1103.150024,1112.449951,1039.655273,6309368
10/27/2020,1105.699951,1109.699951,1077.150024,1090.849976,1019.468689,10172479
10/28/2020,1095.5,1104.75,1070.050049,1076.550049,1006.104553,7608392
10/29/2020,1070,1082,1060.099976,1074.849976,1004.515869,6935616
10/30/2020,1072,1083.599976,1052.349976,1060.599976,991.198181,8800386
11/2/2020,1065,1079.949951,1051.099976,1072.300049,1002.13269,7183119
11/3/2020,1072,1079.400024,1057.5,1062.550049,993.020691,7204782
11/4/2020,1068,1116,1066.800049,1093.949951,1022.365906,15702690
11/5/2020,1109.900024,1123,1099,1104,1031.758301,9568890
11/6/2020,1108,1121.099976,1091.699951,1112.75,1039.935669,8807127
11/9/2020,1129.300049,1146,1121.150024,1136.550049,1062.178345,10160320
11/10/2020,1113.849976,1113.849976,1078,1091.050049,1019.655762,15622869
11/11/2020,1096,1126.349976,1087,1122.5,1049.047974,12514800
11/12/2020,1128.099976,1142,1113.75,1117.75,1044.608521,9180976
11/13/2020,1120,1133,1117,1124.199951,1050.636475,6363212
11/14/2020,1137,1139.650024,1131.099976,1133.449951,1059.28125,1136144
11/17/2020,1144.75,1145,1112.650024,1123.699951,1050.169067,12813968
11/18/2020,1128.5,1132.699951,1101.449951,1110.550049,1037.879761,9839468
11/19/2020,1100,1114.699951,1093.800049,1096.75,1024.982788,10092343
11/20/2020,1106,1109,1091.099976,1103.349976,1031.150879,8063554
11/23/2020,1105,1144.800049,1101.949951,1139.849976,1065.262329,10546363
11/24/2020,1145,1154.900024,1133.349976,1140.050049,1065.449463,8515426
11/25/2020,1137,1143.5,1111.25,1115.650024,1042.646118,8958701
11/26/2020,1119.949951,1119.949951,1098.300049,1113.199951,1040.356323,10962256
11/27/2020,1118,1121,1091,1100,1028.02002,25306145
12/1/2020,1105.050049,1140.25,1105.050049,1137.849976,1063.393188,8933802
12/2/2020,1134,1147.449951,1121,1140.900024,1066.243896,6741637
12/3/2020,1147,1147,1122.699951,1126.449951,1052.739258,16212632
12/4/2020,1125,1137,1115,1134.650024,1060.402588,10564055
12/7/2020,1147.300049,1153,1136,1143.5,1068.673584,7792141
12/8/2020,1145,1167,1145,1153.349976,1077.879028,12308330
12/9/2020,1168.050049,1179.5,1157,1175.199951,1098.299194,10039346
12/10/2020,1157.400024,1171.650024,1150,1167.75,1091.33667,9488782
12/11/2020,1159.699951,1171.949951,1155.25,1163.199951,1087.084473,10574009
12/14/2020,1169.400024,1172.599976,1148.199951,1164.550049,1088.346313,6728187
12/15/2020,1156,1163.699951,1152,1154.599976,1079.047241,6905926
12/16/2020,1160,1168.900024,1153.599976,1165.699951,1089.420898,7788404
12/17/2020,1165.900024,1168.900024,1156.199951,1159.199951,1083.346191,6658153
12/18/2020,1182.849976,1195,1175.599976,1189.800049,1111.94397,15995676
12/21/2020,1188,1209.75,1152.050049,1177.300049,1100.261963,10858352
12/22/2020,1182,1223.849976,1176.099976,1220.5,1140.63501,10901851
12/23/2020,1238,1258.849976,1230.550049,1253.050049,1171.055054,15878346
12/24/2020,1249.900024,1249.900024,1226,1236.050049,1155.16748,7313885
12/28/2020,1238.449951,1248,1236,1240.300049,1159.139282,4607051
12/29/2020,1235,1254.449951,1235,1250.300049,1168.484985,6878105
12/30/2020,1253,1253.300049,1238.150024,1246.800049,1165.214233,5194690
12/31/2020,1243,1258.400024,1239,1255.800049,1173.625,7430470
1/1/2021,1257.900024,1265.5,1255.800049,1260.449951,1177.970581,4253550
1/4/2021,1269,1290,1261.150024,1288.25,1203.95166,7208454
1/5/2021,1282,1299,1275.050049,1293.800049,1209.138428,8145280
1/6/2021,1300,1302,1268.050049,1282.099976,1198.203979,7161715
1/7/2021,1296,1297.650024,1255.5,1262.150024,1179.55957,10954918
1/8/2021,1278.25,1316.800049,1278.25,1312.099976,1226.240845,13186251
1/11/2021,1342.099976,1383.349976,1340,1376.199951,1286.146362,20528626
1/12/2021,1378,1378,1360,1371.75,1281.987793,8309868
1/13/2021,1373.849976,1392.800049,1360,1387.150024,1296.379883,14442997
1/14/2021,1360,1384,1318.449951,1370.5,1280.81958,27521697
1/15/2021,1360,1364.449951,1340,1344.949951,1256.941406,15018441
1/18/2021,1338,1340,1306,1312.050049,1226.194092,8861765
1/19/2021,1320,1331,1312,1316.650024,1230.493286,5585744
1/20/2021,1320.550049,1348.400024,1320.550049,1339.449951,1251.80127,8225838
1/21/2021,1350,1361.050049,1335,1339.699951,1252.03479,6142421
1/22/2021,1327,1356,1326.550049,1340.849976,1253.109741,9646591
1/25/2021,1345,1347.900024,1313,1325.099976,1238.390381,6542611
1/27/2021,1319.599976,1327.550049,1285.099976,1301,1215.86731,8133665
1/28/2021,1291.800049,1296.449951,1272.550049,1276.199951,1192.690186,4660690
1/29/2021,1286.25,1291.150024,1231,1239.050049,1157.971069,12183519
2/1/2021,1250.550049,1277.949951,1241,1260.900024,1178.391235,8880279
2/2/2021,1280,1294.400024,1263.599976,1271.25,1188.064087,6892490
2/3/2021,1277.650024,1304,1273,1284.650024,1200.587402,8182968
2/4/2021,1285,1293.400024,1272.050049,1279.349976,1195.633911,5032240
2/5/2021,1286.400024,1288.75,1262,1272.099976,1188.858398,5477481
2/8/2021,1285.5,1310,1275.5,1303.550049,1218.250488,6921922
2/9/2021,1306.900024,1332,1297.849976,1305.550049,1220.119751,7965949
2/10/2021,1295.800049,1304.349976,1283.599976,1296.5,1211.661865,5951207
2/11/2021,1289,1296,1283.050049,1292.650024,1208.063843,4673317
2/12/2021,1305,1323.75,1301.550049,1309.800049,1224.091553,5797875
2/15/2021,1320,1328.400024,1307.099976,1309.650024,1223.951416,4363513
2/16/2021,1314,1319.75,1286,1290.400024,1205.960938,6896421
2/17/2021,1290.400024,1294.5,1275,1281.300049,1197.456543,4575741
2/18/2021,1276,1306,1275,1292.449951,1207.876709,6437551
2/19/2021,1296.099976,1299.5,1276.800049,1291.300049,1206.802002,5389696
2/22/2021,1295,1308.550049,1260,1265.199951,1182.410034,7371303
2/23/2021,1271.150024,1291,1257.550049,1266.349976,1183.484741,6612942
2/24/2021,1260.050049,1276.599976,1252,1274.300049,1190.914673,4537258
2/25/2021,1288.449951,1299.75,1272,1274.550049,1191.148193,8788221
2/26/2021,1269,1274.300049,1244.75,1253.300049,1171.288696,15132388
3/1/2021,1263.300049,1284.5,1259,1267,1184.092285,5756286
3/2/2021,1282.25,1310,1279.199951,1304.5,1219.138306,10461434
3/3/2021,1319.199951,1347,1308,1343.550049,1255.633179,9056399
3/4/2021,1335,1363.849976,1325.900024,1330.349976,1243.296753,12041941
3/5/2021,1328.5,1340,1305.050049,1316.699951,1230.539917,6486176
3/8/2021,1324.800049,1346.099976,1317.199951,1335.75,1248.343506,5119392
3/9/2021,1329.5,1350.449951,1318.75,1345.550049,1257.502197,6518173
3/10/2021,1356.900024,1374,1355,1368.150024,1278.623413,7925984
3/12/2021,1373,1391.699951,1370.050049,1374.849976,1284.884888,9462061
3/15/2021,1370,1379.900024,1358.5,1373.599976,1283.716797,6658635
3/16/2021,1386.050049,1406,1380.5,1384,1293.436157,9352771
3/17/2021,1392.25,1400,1382,1387,1296.239746,7626744
3/18/2021,1393.75,1393.75,1313.5,1337.099976,1249.605103,10961755
3/19/2021,1330,1355.199951,1318,1344.449951,1256.474121,12767112
3/22/2021,1350.099976,1376,1336.099976,1370.800049,1281.099854,4862758
3/23/2021,1372.449951,1383.25,1359.599976,1371.550049,1281.800781,7165335
3/24/2021,1357.849976,1370.449951,1346.25,1353.75,1265.165527,6134303
3/25/2021,1346.75,1352.5,1327.599976,1333.800049,1246.520996,8749994
3/26/2021,1344.699951,1356.699951,1332,1336.199951,1248.763916,4922071
3/30/2021,1346.900024,1400,1336.150024,1385.300049,1294.651245,10546381
3/31/2021,1382,1388,1363.300049,1368.050049,1278.529907,8220987
4/1/2021,1380,1391.599976,1371,1385.199951,1294.557617,5675155
4/5/2021,1391,1425,1387,1409.900024,1317.641479,9479572
4/6/2021,1423,1426,1406.449951,1411.050049,1318.716187,5793571
4/7/2021,1410.25,1434.949951,1406.599976,1430.199951,1336.613037,5879234
4/8/2021,1430,1451.699951,1421,1439.849976,1345.63147,5654434
4/9/2021,1455,1455,1430.050049,1441.050049,1346.753174,6052712
4/12/2021,1474,1477.550049,1415,1425.75,1332.454224,20384532
4/13/2021,1433,1435.25,1375,1397.150024,1305.725708,14855206
4/15/2021,1332.300049,1366.400024,1320,1360.75,1271.70752,25342491
4/16/2021,1365,1370.849976,1346.599976,1353.75,1265.165527,10879878
4/19/2021,1340,1379.699951,1332.349976,1362.550049,1273.389893,12508028
4/20/2021,1379,1379,1342.400024,1351.349976,1262.922485,8560766
4/22/2021,1355.550049,1364.800049,1345.150024,1351.099976,1262.688965,6622446
4/23/2021,1343,1348.400024,1331,1333.800049,1246.520996,7316262
4/26/2021,1332.25,1351.300049,1321,1343.550049,1255.633179,7088606
4/27/2021,1346,1353,1340.150024,1348.5,1260.259155,3636115
4/28/2021,1358,1359.5,1344.599976,1356,1267.268311,4879234
4/29/2021,1368,1369,1351.400024,1356.349976,1267.595337,5412357
4/30/2021,1346.300049,1373.900024,1345.900024,1354.349976,1265.726318,8354677
5/3/2021,1340.800049,1361,1338,1352.050049,1263.577026,4560337
5/4/2021,1354,1354.949951,1324.099976,1329.400024,1242.409058,4887060
5/5/2021,1341.099976,1343.900024,1327.800049,1341.5,1253.717285,3939788
5/6/2021,1345,1364.699951,1337.400024,1361.599976,1272.501953,4810090
5/7/2021,1365.300049,1373.050049,1348.5,1352.550049,1264.044189,4991435
5/10/2021,1349.849976,1352.900024,1335.050049,1339.550049,1251.894897,7195348
5/11/2021,1336.900024,1341,1325.099976,1330.650024,1243.577148,6420988
5/12/2021,1330,1330,1314.5,1327,1240.165894,5241898
5/14/2021,1326.849976,1326.849976,1311.300049,1316.400024,1230.259766,4824609
5/17/2021,1320.300049,1334.949951,1320.300049,1329.400024,1242.409058,5017129
5/18/2021,1338,1344.599976,1329.5,1340,1252.315308,5620150
5/19/2021,1342,1357.449951,1333.25,1337,1249.511719,4435878
5/20/2021,1348.400024,1349.099976,1335,1339.300049,1251.661133,4490092
5/21/2021,1347.5,1357.5,1346.349976,1354.5,1265.866455,4969733
5/24/2021,1356.650024,1363,1345.099976,1348.050049,1259.838623,4225371
5/25/2021,1358,1368,1354.449951,1361.599976,1272.501953,4099340
5/26/2021,1367.900024,1400,1362.050049,1397.25,1305.819092,6850024
5/27/2021,1404.199951,1416.25,1391.699951,1402.25,1310.492065,15365391
5/28/2021,1409.75,1414,1396.099976,1405.050049,1313.108887,4261312
5/31/2021,1401.5,1401.5,1383,1393.75,1316.604004,4429904
6/1/2021,1400,1401,1378.650024,1387.199951,1310.416382,4791325
6/2/2021,1380.75,1391.949951,1365,1378.650024,1302.339722,9272276
6/3/2021,1388.099976,1399,1377.050049,1389.650024,1312.730957,5115645
6/4/2021,1393.949951,1396.900024,1377.650024,1385.650024,1308.952271,4194328
6/7/2021,1391,1392,1377.300049,1389.650024,1312.730957,5154576
6/8/2021,1396,1421.75,1395.550049,1412.949951,1334.741211,7360630
6/9/2021,1413.400024,1425,1404.599976,1415.300049,1336.96106,5394317
6/10/2021,1424,1429,1419,1424.300049,1345.462891,3496575
6/11/2021,1430.099976,1451.599976,1429.449951,1446.900024,1366.812012,6140828
6/14/2021,1471,1477,1453.449951,1461.800049,1380.887451,7132294
6/15/2021,1464,1476,1463,1473.900024,1392.317505,5403104
6/16/2021,1472.699951,1489.449951,1467.5,1480.599976,1398.646606,7661710
6/17/2021,1475.099976,1502.650024,1475.099976,1495.300049,1412.533081,7677951
6/18/2021,1509,1515.800049,1487.400024,1503.300049,1420.090332,13533974
6/21/2021,1493,1505.800049,1484.199951,1500.300049,1417.256348,5454052
6/22/2021,1509.699951,1521.449951,1502.099976,1511.849976,1428.16687,6427862
6/23/2021,1525,1525,1498.650024,1503.150024,1419.948608,5529809
6/24/2021,1517,1568.75,1511.199951,1559.199951,1472.895996,10785137
6/25/2021,1572,1578,1543,1574.199951,1487.065674,9780240
6/28/2021,1572.900024,1580.150024,1560.599976,1571.800049,1484.798706,5019178
6/29/2021,1561,1573.650024,1559.199951,1563.050049,1476.532959,5913567
6/30/2021,1572.050049,1591,1572.050049,1580.800049,1493.300537,6058722
7/1/2021,1576.849976,1576.849976,1559.050049,1560.400024,1474.029663,4814317
7/2/2021,1558.949951,1569.449951,1542.599976,1567.800049,1481.02002,5166064
7/5/2021,1569.150024,1585,1561.050049,1578.949951,1491.552734,4058338
7/6/2021,1573.699951,1586.75,1557.099976,1562.199951,1475.730103,4089574
7/7/2021,1566.050049,1570.550049,1544.650024,1564.599976,1477.997192,4797120
7/8/2021,1568,1576,1549,1560.75,1474.360229,3326813
7/9/2021,1556,1569.900024,1551,1562.900024,1476.391235,3436594
7/12/2021,1570.550049,1578,1533.75,1547.849976,1462.174194,4588982
7/13/2021,1556.400024,1556.400024,1536.300049,1544.949951,1459.434814,4456160
7/14/2021,1554,1582.800049,1538.099976,1576.900024,1489.616455,5657716
7/15/2021,1557.900024,1596.849976,1556,1580.800049,1493.300537,10021355
7/16/2021,1573.75,1574.650024,1549.599976,1555.449951,1469.353516,6265593
7/19/2021,1544.699951,1552.900024,1537.550049,1541.699951,1456.364624,5669162
7/20/2021,1538.300049,1557.699951,1538,1550.050049,1464.252563,5069939
7/22/2021,1561.400024,1592.849976,1561.400024,1590.199951,1502.180054,7854575
7/23/2021,1588.550049,1598.5,1585.050049,1590.449951,1502.416138,4179719
7/26/2021,1594.099976,1611.650024,1594.099976,1603.900024,1515.121826,4586710
7/27/2021,1605,1609.300049,1597.900024,1602.550049,1513.846558,5892859
7/28/2021,1605.099976,1607.599976,1585.5,1605.599976,1516.727661,4686788
7/29/2021,1600.099976,1620,1600.099976,1617,1527.496704,4660873
7/30/2021,1610,1623.400024,1606.150024,1610.5,1521.356567,6234257
8/2/2021,1627.449951,1634.75,1619.199951,1631.550049,1541.241455,5553389
8/3/2021,1647,1658.650024,1635.599976,1655.199951,1563.582153,5513668
8/4/2021,1669.099976,1679.900024,1639.050049,1649.25,1557.961548,6740391
8/5/2021,1649.5,1666,1647.050049,1653.550049,1562.023682,5420536
8/6/2021,1657,1660.650024,1644,1650.199951,1558.859131,3754855
8/9/2021,1661,1667.449951,1646.400024,1663.300049,1571.234131,5018477
8/10/2021,1668,1680,1661.050049,1677.25,1584.411743,6846517
8/11/2021,1674.800049,1684,1668,1677.550049,1584.695313,4899639
8/12/2021,1679.150024,1696.5,1674,1689.599976,1596.078125,5659579
8/13/2021,1697,1722.5,1691.300049,1712.199951,1617.427246,5612790
8/16/2021,1707.699951,1719.949951,1690.099976,1704.400024,1610.05896,4564109
8/17/2021,1703.900024,1748.900024,1686.550049,1741.650024,1645.247192,9510390
8/18/2021,1729,1755.5,1727,1733.449951,1637.500977,6686090
8/20/2021,1716.099976,1745,1716.099976,1732.949951,1637.028687,6206972
8/23/2021,1735.75,1753.150024,1732,1738.75,1642.507813,6189051
8/24/2021,1750,1757,1712.699951,1720.849976,1625.598511,7602939
8/25/2021,1718,1746.900024,1718,1735.550049,1639.484863,6153253
8/26/2021,1734,1746,1720,1727.699951,1632.069336,5302248
8/27/2021,1725,1727.699951,1705.199951,1708.800049,1614.215454,6698514
8/30/2021,1703.050049,1718.650024,1690.400024,1698.050049,1604.060303,6559667
8/31/2021,1700.150024,1715,1685.849976,1706.449951,1611.995605,12255438
9/1/2021,1709.5,1709.5,1673.150024,1677.75,1584.884033,7801974
9/2/2021,1677.349976,1694.300049,1662.650024,1689.099976,1595.605835,6830050
9/3/2021,1696.050049,1705.949951,1684.400024,1700.650024,1606.516479,5339139
9/6/2021,1705.150024,1732,1699.349976,1730.400024,1634.619873,4876026
9/7/2021,1730,1734.900024,1704,1706.650024,1612.18457,3520341
9/8/2021,1700.849976,1700.849976,1682.949951,1693.25,1599.526245,4584896
9/9/2021,1685.900024,1694.900024,1682.150024,1691.599976,1597.967407,3331674
9/13/2021,1683,1701.5,1675.199951,1691.900024,1598.250854,4662374
9/14/2021,1695.949951,1695.949951,1678.599976,1686.150024,1592.819214,4945167
9/15/2021,1693.25,1715.099976,1690.199951,1711.449951,1616.71875,4062344
9/16/2021,1715.199951,1719.25,1691.449951,1702.25,1608.028076,3246568
9/17/2021,1697,1718,1684.449951,1691.300049,1597.684204,7454864
9/20/2021,1685,1707.699951,1677.949951,1687.849976,1594.425049,5660743
9/21/2021,1700,1726.75,1684.650024,1718.449951,1623.331299,4672222
9/22/2021,1717,1738.900024,1713.050049,1716.900024,1621.86731,4553892
9/23/2021,1732,1745,1721.099976,1742.550049,1646.097412,3826090
9/24/2021,1758,1788,1752.449951,1763.849976,1666.218262,8280446
9/27/2021,1768.75,1769,1718.099976,1721.150024,1625.881958,5045337
9/28/2021,1710,1710,1675,1687.099976,1593.716431,6557197
9/29/2021,1659.25,1701.400024,1655,1692.25,1598.581543,7792548
9/30/2021,1703,1703,1670.099976,1675.199951,1582.47522,6914031
10/1/2021,1665.099976,1678.949951,1661.25,1665.150024,1572.981445,5733906
10/4/2021,1672.5,1688,1665.400024,1678.75,1585.828613,2947154
10/5/2021,1671,1702.949951,1663,1692.800049,1599.101074,4373310
10/6/2021,1702.099976,1709,1670,1673.550049,1580.916748,4271698
10/7/2021,1687,1704.199951,1676.650024,1691,1597.400757,5476108
10/8/2021,1705.25,1731.5,1698.400024,1723.849976,1628.432373,4738376
10/11/2021,1682,1730,1663.699951,1690.949951,1597.353516,8840633
10/12/2021,1677,1689,1662,1685.150024,1591.874634,7439300
10/13/2021,1695.949951,1713.650024,1680.050049,1709.199951,1614.593262,7104171
10/14/2021,1754,1783.599976,1698.199951,1715.75,1620.780762,19655776
10/18/2021,1740,1799,1740,1792.150024,1692.952026,13438109
10/19/2021,1814,1834.5,1782.300049,1822.150024,1721.291382,10324260
10/20/2021,1829.400024,1848,1794.050049,1802.349976,1702.587402,5876115
10/21/2021,1814,1814,1746.849976,1753.650024,1656.582886,8779629
10/22/2021,1749.900024,1763.199951,1707,1719.800049,1624.606567,7369809
10/25/2021,1722.050049,1729.75,1687.199951,1707.550049,1613.034668,5905209
10/26/2021,1710.050049,1726.599976,1695.900024,1703.699951,1623.660767,5871709
10/27/2021,1709.099976,1734.150024,1701.150024,1728.949951,1647.724609,5090259
10/28/2021,1719.349976,1724.75,1692.050049,1703.900024,1623.85144,5329972
10/29/2021,1699,1712.599976,1661.050049,1667.75,1589.39978,5875091
11/1/2021,1677.5,1707.199951,1676,1700.050049,1620.182373,3636806
11/2/2021,1695,1706.449951,1686.349976,1697.900024,1618.133423,3471772
11/3/2021,1709,1717.449951,1699,1702.5,1622.517212,3530713
11/4/2021,1715,1717,1705,1708.699951,1628.425903,483407
11/8/2021,1730,1741,1703,1737.5,1655.873047,5245903
11/9/2021,1734.75,1750,1726,1742.5,1660.638062,4016134
11/10/2021,1726,1750.949951,1721.949951,1740.150024,1658.398438,4780368
11/11/2021,1732.949951,1739.75,1709,1733.300049,1651.870361,4731349
11/12/2021,1743,1782.849976,1738.050049,1780.199951,1696.566895,5069009
11/15/2021,1782.099976,1800,1775.5,1787.150024,1703.19043,4354074
11/16/2021,1790,1808.949951,1777,1792.300049,1708.098511,6034233
11/17/2021,1792.550049,1802,1780.699951,1787.449951,1703.476196,4732492
11/18/2021,1781.599976,1789.449951,1759,1779.400024,1695.804565,4326924
11/22/2021,1784,1785.400024,1751.150024,1759.400024,1676.744019,6621839
11/23/2021,1735.099976,1747.25,1710,1736.900024,1655.301147,8436160
11/24/2021,1740,1740.5,1688,1696,1616.32251,7333061
11/25/2021,1700,1726.199951,1696.949951,1722.400024,1641.482422,4476260
11/26/2021,1702.550049,1718.349976,1684,1691.650024,1612.177002,4494181
11/29/2021,1691,1712,1669.150024,1696.349976,1616.65625,3942776
11/30/2021,1704.550049,1729.900024,1700.050049,1712.650024,1632.190308,14808963
12/1/2021,1715,1741.900024,1713,1714.900024,1634.334717,5193264
12/2/2021,1715,1750.5,1711.349976,1748.25,1666.11792,5559574
12/3/2021,1771.099976,1786.650024,1732.550049,1735.550049,1654.014526,6754012
12/6/2021,1730,1733.949951,1691.5,1695.300049,1615.65564,3991449
12/7/2021,1701.099976,1724.900024,1694,1711.650024,1631.237427,4202122
12/8/2021,1733,1759.800049,1732.599976,1753.349976,1670.978271,3029169
12/9/2021,1759,1769.400024,1742,1763.449951,1680.603638,2082171
12/10/2021,1760,1763.75,1746,1759.25,1676.601074,1823469
12/13/2021,1767.050049,1771.349976,1738.800049,1744.650024,1662.687012,4040584
12/14/2021,1730.900024,1763,1710.349976,1752.150024,1669.834595,4768144
12/15/2021,1745,1747.949951,1721.199951,1734.199951,1652.727905,3053149
12/16/2021,1762.650024,1777.599976,1758,1771.599976,1688.370972,4481031
12/17/2021,1820,1842,1806.75,1820.849976,1735.307129,18887243
12/20/2021,1801.699951,1829.650024,1787.300049,1798.900024,1714.388428,5773891
12/21/2021,1801,1838,1801,1811.599976,1726.491699,5353584
12/22/2021,1825,1829.150024,1812.349976,1824.699951,1738.976196,4156428
12/23/2021,1831.25,1861.599976,1827,1857.599976,1770.330688,4112933
12/24/2021,1872.949951,1875.75,1854,1863.5,1775.953491,3780347
12/27/2021,1860,1874.5,1845.050049,1866.150024,1778.479004,2647733
12/28/2021,1880.699951,1895.900024,1878.400024,1888,1799.30249,3340933
12/29/2021,1883.5,1893.800049,1876.400024,1885.550049,1796.967529,3236635
12/30/2021,1884.5,1909.800049,1874.349976,1892.849976,1803.924683,4584738
12/31/2021,1890,1898.349976,1871.650024,1887.75,1799.064331,4619420
1/3/2022,1887.75,1914.050049,1887.75,1898.449951,1809.261475,3329616
1/4/2022,1898.449951,1906.650024,1878,1899.150024,1809.928711,3921999
1/5/2022,1900,1902.900024,1840,1844.650024,1757.989014,6995719
1/6/2022,1828,1828,1800,1817.800049,1732.400391,6449205
1/7/2022,1815.449951,1836,1806.800049,1814.300049,1729.064941,4834389
1/10/2022,1815,1869.900024,1813,1850.75,1763.80249,7857560
1/11/2022,1855,1870,1850.150024,1855.599976,1768.424683,5142287
1/12/2022,1868.900024,1889,1860,1877.449951,1789.248169,5362535
1/13/2022,1905,1912.5,1866.349976,1896.800049,1807.689087,14277630
1/14/2022,1882,1933,1881,1929.349976,1838.709961,7688506
1/17/2022,1938.550049,1953.900024,1930.5,1939.5,1848.383179,5262464
1/18/2022,1922.099976,1945,1911.449951,1920.75,1830.513916,3690315
1/19/2022,1916,1916,1862.849976,1867.050049,1779.336792,5747770
1/20/2022,1844,1848,1815.5,1823.699951,1738.023315,5533463
1/21/2022,1795,1808,1776,1785.699951,1701.808472,8252758
1/24/2022,1765,1768.650024,1728,1736.800049,1655.205933,7116712
1/25/2022,1726.599976,1740,1700.5,1722.150024,1641.244019,9137653
1/27/2022,1702,1709.699951,1665,1678.599976,1599.73999,11231734
1/28/2022,1681,1727.550049,1679.5,1686.199951,1606.983032,10998502
1/31/2022,1718,1749.5,1715.349976,1736.199951,1654.634033,8788872
2/1/2022,1766.099976,1780,1734.699951,1772.050049,1688.799927,5119935
2/2/2022,1789,1792.800049,1772,1787.099976,1703.142822,4253717
2/3/2022,1779,1779,1734,1738.550049,1656.873657,3832922
2/4/2022,1732,1753.949951,1710.150024,1741.099976,1659.303833,4700077
2/7/2022,1722.199951,1732,1695.400024,1715,1634.430054,4310209
2/8/2022,1710,1725,1696,1717.300049,1636.621826,6053401
2/9/2022,1735,1743,1725,1737.300049,1655.682373,3867244
2/10/2022,1755.650024,1773.900024,1748.75,1769.599976,1686.464844,4334630
2/11/2022,1740,1745.949951,1713,1721.349976,1640.481689,7551371
2/14/2022,1690,1718.550049,1678.25,1682.199951,1603.170898,7459637
2/15/2022,1699,1746.75,1690.449951,1738.25,1656.587769,4669915
2/16/2022,1738.25,1755.449951,1726.849976,1733.300049,1651.870361,5350642
2/17/2022,1744,1749,1720.300049,1724.800049,1643.769531,3937950
2/18/2022,1710,1722.5,1703.5,1706.949951,1626.758179,5602215
2/21/2022,1701,1737.300049,1691.5,1730.699951,1649.392456,5120890
2/22/2022,1699.900024,1751,1691.050049,1734.349976,1652.870972,8878515
2/23/2022,1750,1758.25,1733.400024,1742.849976,1660.97168,5478811
2/24/2022,1690.099976,1714.949951,1670.5,1678.150024,1599.311279,13592379
2/25/2022,1715,1728.150024,1677,1694.599976,1614.988403,9737281
2/28/2022,1682.199951,1728.050049,1665,1715.599976,1635.001831,15076542
3/2/2022,1710,1714.400024,1691,1702.800049,1622.803223,6771489
3/3/2022,1720.199951,1733.900024,1705.550049,1720.849976,1640.005127,7344147
3/4/2022,1695.25,1736,1681,1723.300049,1642.34021,9074499
3/7/2022,1697,1751,1696,1739.849976,1658.112427,9742588
3/8/2022,1718.449951,1800,1718.449951,1778.199951,1694.660767,10984500
3/9/2022,1791,1831.599976,1791,1813.349976,1728.159424,10193515
3/10/2022,1844.75,1844.75,1810.199951,1825.900024,1740.119995,6547182
3/11/2022,1814,1831.400024,1811,1822,1736.403198,4758657
3/14/2022,1831.550049,1895,1831.550049,1890.699951,1801.875488,10289724
3/15/2022,1888.349976,1888.349976,1830,1839.300049,1752.890503,7140443
3/16/2022,1865,1893.949951,1849,1889.400024,1800.636719,5233979
3/17/2022,1923.300049,1923.300049,1833.050049,1854.599976,1767.47168,17731459
3/21/2022,1861,1886.900024,1841.099976,1853.050049,1765.994507,8362085
3/22/2022,1850,1890,1839,1887.400024,1798.730713,5709382
3/23/2022,1897,1900,1857,1872.400024,1784.435425,6192824
3/24/2022,1856.150024,1894.599976,1856.150024,1886.699951,1798.063599,3784303
3/25/2022,1892,1894,1858,1876.550049,1788.390503,3438588
3/28/2022,1866,1880.900024,1852.650024,1873.900024,1785.86499,4008555
3/29/2022,1873.900024,1889.400024,1860.550049,1886,1797.396606,3917785
3/30/2022,1910,1919,1895,1903.949951,1814.503174,7795839
3/31/2022,1900,1913,1894.199951,1906.849976,1817.266968,5399145
4/1/2022,1886.849976,1910.300049,1878.300049,1903.550049,1814.121948,6171518
4/4/2022,1889.75,1893,1873,1882.949951,1794.489746,7364074
4/5/2022,1883.800049,1889.599976,1857.150024,1861.099976,1773.666382,5472024
4/6/2022,1855,1857.5,1822.150024,1828.849976,1742.931396,5407453
4/7/2022,1821.050049,1828.150024,1807.550049,1811,1725.920044,5797544
4/8/2022,1823,1838,1808,1814.599976,1729.35083,5131446
4/11/2022,1814,1814,1762.550049,1766.550049,1683.558228,8248407
4/12/2022,1757.5,1757.5,1727.75,1742.449951,1660.590332,6456184
4/13/2022,1754.949951,1757.5,1732,1748.550049,1666.403931,6257693
4/18/2022,1605.5,1650,1590,1621.400024,1545.227173,30523965
4/19/2022,1636.650024,1636.650024,1550,1562,1488.61792,17044923
4/20/2022,1575,1596.300049,1563,1587.699951,1513.110474,10678747
4/21/2022,1595,1627.199951,1589.25,1618.800049,1542.749512,7766514
4/22/2022,1604.349976,1610.699951,1582.400024,1585.449951,1510.966064,8134245
4/25/2022,1572.800049,1572.800049,1554.099976,1561.099976,1487.760132,7000570
4/26/2022,1577.199951,1592,1566.550049,1581,1506.72522,5345435
4/27/2022,1572.75,1572.75,1550.349976,1552.800049,1479.850098,8819356
4/28/2022,1570,1601.800049,1557.449951,1582.599976,1508.25,9245177
4/29/2022,1590,1597.300049,1560.800049,1567.550049,1493.907104,9831395
5/2/2022,1550.900024,1552.75,1531,1541,1468.60437,7072627
5/4/2022,1547.25,1570,1530.150024,1535.550049,1463.410522,6220959
5/5/2022,1560.050049,1589.400024,1557.449951,1585.150024,1510.68042,6144870
5/6/2022,1550,1561.849976,1535.050049,1542.849976,1470.367554,6171472
5/9/2022,1540,1586.800049,1522.150024,1570.349976,1496.575562,6832202
5/10/2022,1558,1569.150024,1546.050049,1553,1480.040771,6212545
5/11/2022,1549.949951,1549.949951,1511.599976,1526.75,1455.023926,7846080
5/12/2022,1514,1527.5,1504.300049,1508.800049,1437.917236,7034979
5/13/2022,1519.300049,1529.25,1498.099976,1504.400024,1433.723999,6723761
5/16/2022,1510,1511.849976,1478.650024,1489.099976,1419.1427,6145331
5/17/2022,1494.900024,1525,1480.900024,1518.449951,1447.113892,6516378
5/18/2022,1522,1549.699951,1505.300049,1509.199951,1438.298462,6594126
5/19/2022,1481,1484.699951,1417.650024,1427.150024,1360.103149,16561140
5/20/2022,1453,1466.75,1446.699951,1455.150024,1386.78772,10488908
5/23/2022,1455.099976,1488,1450.050049,1468.400024,1399.415161,5887569
5/24/2022,1468.599976,1469.550049,1435.25,1441,1373.302368,5693167
5/25/2022,1435,1442.5,1399.25,1410.449951,1344.1875,9630092
5/26/2022,1418,1430,1407.050049,1423.949951,1357.053345,13040065
5/27/2022,1443.949951,1467,1437.400024,1461.349976,1392.696289,8284860
5/30/2022,1487,1530,1485,1526.800049,1455.071533,10904213
5/31/2022,1510.699951,1518,1488.150024,1503.599976,1448.137207,16033857
6/1/2022,1513,1514.75,1472.099976,1478.550049,1424.01123,8738508
6/2/2022,1484,1513.849976,1475.599976,1508,1452.374878,7205840
6/3/2022,1524.900024,1555,1518,1521.699951,1465.569458,9395707
6/6/2022,1516,1536.599976,1493,1530.050049,1473.611572,6624883
6/7/2022,1519.849976,1519.849976,1502.599976,1506.699951,1451.122803,4904592
6/8/2022,1520.199951,1520.199951,1492,1500,1444.669922,4697608
6/9/2022,1485,1516.949951,1481.5,1515,1459.116699,4361061
6/10/2022,1486.099976,1493.949951,1473.599976,1476.800049,1422.325806,6516436
6/13/2022,1443.599976,1443.599976,1411.699951,1424.5,1371.954956,6987685
6/14/2022,1410,1448.900024,1403.150024,1440.550049,1387.412842,6090247
6/15/2022,1440.199951,1446.400024,1418.849976,1422.199951,1369.739624,4651958
6/16/2022,1438,1443.75,1392,1397.199951,1345.661865,6641772
6/17/2022,1391.050049,1396.949951,1367.150024,1387.300049,1336.127075,9692047
6/20/2022,1390.050049,1422.349976,1382,1414.150024,1361.986694,4595194
6/21/2022,1424,1456,1422.75,1449.900024,1396.418091,6270787
6/22/2022,1436.050049,1459.599976,1435,1437.25,1384.234497,6253366
6/23/2022,1439.800049,1458,1433,1452.449951,1398.873779,6254281
6/24/2022,1458,1467.5,1428.900024,1441.099976,1387.942627,6114340
6/27/2022,1468.050049,1484,1465.150024,1474.599976,1420.206909,4511097
6/28/2022,1469,1488.25,1453,1480.150024,1425.552246,4412178
6/29/2022,1464.699951,1477,1457,1463.25,1409.275513,5060038
6/30/2022,1465.050049,1482,1455,1461.900024,1407.975342,9165177
7/1/2022,1454,1485,1442.349976,1479.400024,1424.829834,4651635
7/4/2022,1480.25,1492.25,1462,1488,1433.112549,4800224
7/5/2022,1498.800049,1509.949951,1472,1475.949951,1421.506958,7379669
7/6/2022,1482.199951,1500,1470,1491.650024,1436.62793,5209162
7/7/2022,1503.050049,1513.949951,1495.699951,1498.699951,1443.417847,3323472
7/8/2022,1515,1516.949951,1499.949951,1514.449951,1458.586914,3652582
7/11/2022,1495,1499.900024,1466.400024,1473.150024,1418.810425,4702638
7/12/2022,1461.800049,1468.599976,1436,1438.599976,1385.53479,4710356
7/13/2022,1450,1460,1438.599976,1444.449951,1391.168945,5264025
7/14/2022,1451,1452.949951,1414,1428.849976,1376.144409,6157606
7/15/2022,1446,1446,1410.650024,1430.349976,1377.589233,5620018
7/18/2022,1450,1493.599976,1448.050049,1489.900024,1434.942627,5835171
7/19/2022,1471.550049,1486.849976,1470.099976,1484.150024,1429.404541,3418540
7/20/2022,1501.25,1525.800049,1500,1515.300049,1459.405518,5079392
7/21/2022,1517,1535.449951,1503.099976,1532.900024,1476.356445,5008061
7/22/2022,1534,1540,1492.150024,1506.300049,1450.737671,7020642
7/25/2022,1480.099976,1517.150024,1480.099976,1503.599976,1448.137207,7859626
7/26/2022,1496.650024,1496.650024,1445,1451.150024,1397.621826,7268273
7/27/2022,1451,1473,1445,1471.050049,1416.787842,4517285
7/28/2022,1496.400024,1524.449951,1489.849976,1517.400024,1461.428101,6636841
7/29/2022,1532.800049,1555.699951,1528,1549.699951,1492.536621,7009465
8/1/2022,1564,1564,1537.900024,1551.050049,1493.836914,2983249
8/2/2022,1546.550049,1547,1528.349976,1543.599976,1486.661621,4374635
8/3/2022,1549,1570,1539.900024,1566.099976,1508.331787,6011955
8/4/2022,1587.5,1603.849976,1574.949951,1599.900024,1540.88501,7402209
8/5/2022,1608.400024,1625.699951,1602.300049,1616.650024,1557.01709,5361971
8/8/2022,1617,1622,1596,1619.400024,1559.665649,3763409
8/10/2022,1621.199951,1621.199951,1588.099976,1602.449951,1543.340942,4423829
8/11/2022,1630,1631.349976,1616,1619.949951,1560.195313,3462090
8/12/2022,1613.300049,1614,1590.150024,1594.099976,1535.29895,3562286
8/16/2022,1609,1609,1591.099976,1596.449951,1537.562134,3004430
8/17/2022,1596.449951,1612,1585,1606.25,1547.000732,4067324
8/18/2022,1594.099976,1598.199951,1574,1582.949951,1524.560059,4635706
8/19/2022,1585.300049,1604.900024,1585.099976,1597.099976,1538.188232,4739884
8/22/2022,1586,1599,1574,1575.650024,1517.529541,3950555
8/23/2022,1548,1554.5,1533,1542.400024,1485.505859,5551574
8/24/2022,1535,1546,1531,1537.5,1480.786621,2888426
8/25/2022,1548,1548.699951,1513.75,1518.150024,1462.150513,4331088
8/26/2022,1535.150024,1544.949951,1517.449951,1521.550049,1465.425049,3079136
8/29/2022,1468.550049,1468.550049,1450,1461.75,1407.830933,8079050
8/30/2022,1473.099976,1496.099976,1466,1492.949951,1437.880005,6725875
9/1/2022,1460.050049,1468.099976,1451.050049,1464.199951,1410.19043,8140604
9/2/2022,1478,1478,1448,1453,1399.403687,5175653
9/5/2022,1451,1467,1446.349976,1461.300049,1407.397583,3669352
9/6/2022,1461.300049,1470,1445.449951,1455.099976,1401.426147,3428442
9/7/2022,1440,1465.75,1438.050049,1457.650024,1403.882202,3600574
9/8/2022,1475,1481.099976,1463.599976,1475.900024,1421.458984,4061475
9/9/2022,1488,1520,1480,1511.650024,1455.890259,4816910
9/12/2022,1525.800049,1545.900024,1521.150024,1536.199951,1479.534668,5494819
9/13/2022,1551.900024,1553,1541.300049,1544.949951,1487.961914,4947158
9/14/2022,1497,1498.949951,1472,1475.400024,1420.977295,14332197
9/15/2022,1475,1475.199951,1429.050049,1432.800049,1379.948853,12784100
9/16/2022,1425,1425,1368.349976,1377.050049,1326.255249,20464045
9/19/2022,1392,1406,1380.599976,1390.300049,1339.016479,6595241
9/20/2022,1407.949951,1413.550049,1385.099976,1388.550049,1337.330933,7219797
9/21/2022,1379.900024,1388.800049,1368.400024,1377.25,1326.447876,7917054
9/22/2022,1366.349976,1383.949951,1360,1367.949951,1317.490845,9168498
9/23/2022,1367.5,1394.800049,1362,1365.449951,1315.083008,10426200
9/26/2022,1360,1399.449951,1355,1380.25,1329.337158,9414587
9/27/2022,1393.449951,1406.5,1378,1393.550049,1342.146484,8561254
9/28/2022,1379,1405.849976,1377,1394.699951,1343.254028,7022098
9/29/2022,1404.900024,1409.849976,1393,1398.650024,1347.058472,6119965
9/30/2022,1388.949951,1419.300049,1376,1413.449951,1361.312378,8120130
10/3/2022,1412,1412,1386,1393.75,1342.339233,4943169
10/4/2022,1419.699951,1432.25,1414,1429.400024,1376.674194,6631341
10/6/2022,1445,1459.800049,1444.099976,1455.150024,1401.474365,6180672
10/7/2022,1446.349976,1457.849976,1440.150024,1451.199951,1397.670044,3994466
10/10/2022,1426.349976,1465,1426.349976,1462.650024,1408.697632,5274677
10/11/2022,1462.650024,1479.650024,1420.099976,1423.800049,1371.280762,12824774
10/12/2022,1437,1441.099976,1413.550049,1428.699951,1376,5481467
10/13/2022,1431,1437.949951,1415,1419.900024,1367.524658,4821514
10/14/2022,1485,1494,1467.25,1474.25,1419.869751,14990688
10/17/2022,1476.900024,1495,1475.5,1489.949951,1434.990479,4286396
10/18/2022,1510,1510.949951,1497.25,1503.699951,1448.233398,4692004
10/19/2022,1504,1504.949951,1481.300049,1485.449951,1430.656616,3553171
10/20/2022,1475,1504,1474.199951,1500.900024,1445.536743,4583939
10/21/2022,1500.300049,1506,1491.349976,1500.5,1445.151489,3594485
10/24/2022,1518.5,1521.800049,1511,1517.849976,1461.861572,982837
10/25/2022,1528.099976,1532.900024,1521.050049,1526.300049,1469.999878,3914341
10/27/2022,1530.800049,1534.900024,1512.5,1523.949951,1483.776733,6760137
10/28/2022,1526,1527.949951,1507,1513.25,1473.358887,3053981
10/31/2022,1530.25,1546.400024,1530.25,1537.650024,1497.115723,4542336
11/1/2022,1553.050049,1575,1547.099976,1573,1531.533691,4542692
11/2/2022,1572,1572.75,1545,1553.300049,1512.353149,2938906
11/3/2022,1538.75,1543.900024,1521.650024,1530.75,1490.397583,3174027
11/4/2022,1520.449951,1520.449951,1501.150024,1514,1474.088989,4509682
11/7/2022,1521.400024,1527.900024,1491.099976,1507.449951,1467.711792,4898592
11/9/2022,1529,1529,1501.099976,1511.199951,1471.362915,3334755
11/10/2022,1485,1512,1485,1501.949951,1462.356689,3435763
11/11/2022,1546.650024,1573.5,1546.650024,1570.099976,1528.710205,7214098
11/14/2022,1575.150024,1591.400024,1568.449951,1585.300049,1543.509644,4908813
11/15/2022,1577.849976,1597.849976,1572.75,1594,1551.980225,3497614
11/16/2022,1597.150024,1609,1593.5,1602.800049,1560.548218,4497697
11/17/2022,1597.199951,1602.800049,1582.949951,1587.400024,1545.554077,3469515
11/18/2022,1591.699951,1598,1575.5,1593.400024,1551.395996,3126064
11/21/2022,1582.099976,1587.849976,1564.050049,1568.199951,1526.860229,3071764
11/22/2022,1569,1588,1562,1585.050049,1543.266113,3399329
11/23/2022,1588.900024,1592,1579.300049,1583.150024,1541.41626,3245067
11/24/2022,1589,1636,1584.75,1629.800049,1586.836548,5282215
11/25/2022,1631.400024,1644,1613.800049,1635.650024,1592.532227,4563255
11/28/2022,1628,1653.5,1620,1623.400024,1580.605225,3825766
11/29/2022,1621.199951,1638.75,1615.050049,1629.050049,1586.106201,3131710
11/30/2022,1619.949951,1645.75,1613.150024,1634.949951,1591.850708,11868134
12/1/2022,1656.199951,1672.599976,1652.300049,1657.099976,1613.416748,5407928
12/2/2022,1656,1661.800049,1633.949951,1637.900024,1594.723022,4283343
12/5/2022,1638,1644.849976,1623.300049,1639.75,1596.52417,3824966
12/6/2022,1625,1626,1607.550049,1612.900024,1570.381958,4822398
12/7/2022,1608,1623.800049,1596.699951,1605.5,1563.177002,4898087
12/8/2022,1605.5,1623.900024,1598.5,1620.150024,1577.440796,4206837
12/9/2022,1628,1628,1561.099976,1569.300049,1527.931396,8880658
12/12/2022,1550,1565.949951,1530.050049,1547.199951,1506.413818,8037679
12/13/2022,1547.199951,1577.5,1541.150024,1572.150024,1530.706177,6135067
12/14/2022,1582,1588.5,1573,1579.400024,1537.765015,4976020
12/15/2022,1569.300049,1570,1535.25,1540.5,1499.890503,6443866
12/16/2022,1525,1549.5,1512.050049,1522.199951,1482.072876,9630453
12/19/2022,1507.949951,1516.900024,1495.050049,1507.349976,1467.61438,6222740
12/20/2022,1501,1516,1482.449951,1507.300049,1467.565796,7396259
12/21/2022,1515,1521,1502.349976,1509.550049,1469.756348,6236361
12/22/2022,1521.5,1529.949951,1511.75,1522.050049,1481.92688,6302640
12/23/2022,1508.699951,1509.900024,1493,1497.099976,1457.634521,6283822
12/26/2022,1500.5,1509.900024,1496.349976,1502.400024,1462.794922,4115459
12/27/2022,1509.949951,1521.449951,1497.5,1514.849976,1474.916626,4860076
12/28/2022,1505.099976,1524.949951,1498.5,1510.150024,1470.340576,5029860
12/29/2022,1504,1521.300049,1501,1517.550049,1477.545532,4624745
12/30/2022,1528,1530.400024,1504.050049,1508.199951,1468.441895,5060544
